,YEAR,MONTH,DAY,HOUR,TYPHOON NUMBER,TYPHOON NAME,CLASS,LAT,LON,CENTRAL PRESSURE,MAX WINDSPEED,50KT MAJORAXIS DIRECTION,50KT MAJORAXIS,50KT MINORAXIS,30KT MAJORAXIS DIRECTION,30KT MAJORAXIS,30KT MINORAXIS,LANDING,Datetime,unixtime
0,2013,1,1,0,1301,SONAMU,2,4.1,141.7,1006,0,0,0,0,0,0,0,0,2013-01-01 00:00:00,1356998400
1,2013,1,1,6,1301,SONAMU,2,4.4,139.5,1004,0,0,0,0,0,0,0,0,2013-01-01 06:00:00,1357020000
2,2013,1,1,12,1301,SONAMU,2,4.6,137.2,1006,0,0,0,0,0,0,0,0,2013-01-01 12:00:00,1357041600
3,2013,1,1,18,1301,SONAMU,2,5.3,135.0,1006,0,0,0,0,0,0,0,0,2013-01-01 18:00:00,1357063200
4,2013,1,2,0,1301,SONAMU,2,6.1,132.6,1006,0,0,0,0,0,0,0,0,2013-01-02 00:00:00,1357084800
5,2013,1,2,6,1301,SONAMU,2,6.7,130.4,1004,0,0,0,0,0,0,0,0,2013-01-02 06:00:00,1357106400
6,2013,1,2,12,1301,SONAMU,2,7.4,128.4,1006,0,0,0,0,0,0,0,0,2013-01-02 12:00:00,1357128000
7,2013,1,2,18,1301,SONAMU,2,8.0,126.2,1004,0,0,0,0,0,0,0,0,2013-01-02 18:00:00,1357149600
8,2013,1,3,0,1301,SONAMU,2,8.4,123.7,1006,0,0,0,0,0,0,0,0,2013-01-03 00:00:00,1357171200
9,2013,1,3,6,1301,SONAMU,2,8.4,121.6,1004,0,0,0,0,0,0,0,0,2013-01-03 06:00:00,1357192800
10,2013,1,3,12,1301,SONAMU,3,8.6,119.6,1002,35,0,0,0,9,90,90,0,2013-01-03 12:00:00,1357214400
11,2013,1,3,18,1301,SONAMU,3,8.5,117.9,1002,35,0,0,0,7,120,90,0,2013-01-03 18:00:00,1357236000
12,2013,1,4,0,1301,SONAMU,3,8.4,116.2,1002,35,0,0,0,7,120,90,0,2013-01-04 00:00:00,1357257600
13,2013,1,4,6,1301,SONAMU,3,8.2,115.4,998,40,0,0,0,7,120,90,0,2013-01-04 06:00:00,1357279200
14,2013,1,4,12,1301,SONAMU,3,8.1,114.2,996,40,0,0,0,7,120,90,0,2013-01-04 12:00:00,1357300800
15,2013,1,4,18,1301,SONAMU,3,8.0,113.0,992,45,0,0,0,7,120,90,0,2013-01-04 18:00:00,1357322400
16,2013,1,5,0,1301,SONAMU,4,7.9,112.2,990,50,0,0,0,7,120,90,0,2013-01-05 00:00:00,1357344000
17,2013,1,5,6,1301,SONAMU,4,7.7,111.6,990,50,0,0,0,7,140,90,0,2013-01-05 06:00:00,1357365600
18,2013,1,5,12,1301,SONAMU,4,7.5,111.1,990,50,0,0,0,7,150,90,0,2013-01-05 12:00:00,1357387200
19,2013,1,5,18,1301,SONAMU,4,7.3,110.4,990,50,0,0,0,7,150,90,0,2013-01-05 18:00:00,1357408800
20,2013,1,6,0,1301,SONAMU,4,7.3,109.9,990,50,0,0,0,7,140,90,0,2013-01-06 00:00:00,1357430400
21,2013,1,6,6,1301,SONAMU,3,7.2,109.3,994,45,0,0,0,7,120,90,0,2013-01-06 06:00:00,1357452000
22,2013,1,6,12,1301,SONAMU,3,7.1,108.8,994,45,0,0,0,7,120,90,0,2013-01-06 12:00:00,1357473600
23,2013,1,6,18,1301,SONAMU,3,6.9,108.3,994,45,0,0,0,7,120,90,0,2013-01-06 18:00:00,1357495200
24,2013,1,7,0,1301,SONAMU,3,6.5,108.1,994,45,0,0,0,7,120,90,0,2013-01-07 00:00:00,1357516800
25,2013,1,7,6,1301,SONAMU,3,6.2,108.1,996,40,0,0,0,7,120,90,0,2013-01-07 06:00:00,1357538400
26,2013,1,7,12,1301,SONAMU,3,6.0,108.2,998,35,0,0,0,7,120,90,0,2013-01-07 12:00:00,1357560000
27,2013,1,7,18,1301,SONAMU,3,5.8,108.2,1000,35,0,0,0,7,120,90,0,2013-01-07 18:00:00,1357581600
28,2013,1,8,0,1301,SONAMU,2,5.6,108.5,1004,0,0,0,0,0,0,0,0,2013-01-08 00:00:00,1357603200
29,2013,1,8,6,1301,SONAMU,2,5.4,109.0,1006,0,0,0,0,0,0,0,0,2013-01-08 06:00:00,1357624800
30,2013,1,8,12,1301,SONAMU,2,5.0,109.4,1008,0,0,0,0,0,0,0,0,2013-01-08 12:00:00,1357646400
31,2013,1,8,18,1301,SONAMU,2,4.6,109.8,1006,0,0,0,0,0,0,0,0,2013-01-08 18:00:00,1357668000
32,2013,1,9,0,1301,SONAMU,2,4.3,110.4,1006,0,0,0,0,0,0,0,0,2013-01-09 00:00:00,1357689600
33,2013,1,9,6,1301,SONAMU,2,4.0,110.7,1006,0,0,0,0,0,0,0,0,2013-01-09 06:00:00,1357711200
34,2013,1,9,12,1301,SONAMU,2,3.6,111.2,1006,0,0,0,0,0,0,0,0,2013-01-09 12:00:00,1357732800
35,2013,1,9,18,1301,SONAMU,2,3.2,111.5,1006,0,0,0,0,0,0,0,0,2013-01-09 18:00:00,1357754400
36,2013,1,10,0,1301,SONAMU,2,3.3,112.0,1008,0,0,0,0,0,0,0,0,2013-01-10 00:00:00,1357776000
37,2013,2,18,6,1302,SHANSHAN,2,5.0,131.0,1002,0,0,0,0,0,0,0,0,2013-02-18 06:00:00,1361167200
38,2013,2,18,12,1302,SHANSHAN,2,5.6,129.3,1002,0,0,0,0,0,0,0,0,2013-02-18 12:00:00,1361188800
39,2013,2,18,18,1302,SHANSHAN,2,5.9,127.5,1002,0,0,0,0,0,0,0,0,2013-02-18 18:00:00,1361210400
40,2013,2,19,0,1302,SHANSHAN,2,5.7,126.6,1004,0,0,0,0,0,0,0,0,2013-02-19 00:00:00,1361232000
41,2013,2,19,6,1302,SHANSHAN,2,5.3,125.4,1004,0,0,0,0,0,0,0,0,2013-02-19 06:00:00,1361253600
42,2013,2,19,12,1302,SHANSHAN,2,5.9,124.2,1004,0,0,0,0,0,0,0,0,2013-02-19 12:00:00,1361275200
43,2013,2,19,18,1302,SHANSHAN,2,7.1,122.8,1004,0,0,0,0,0,0,0,0,2013-02-19 18:00:00,1361296800
44,2013,2,20,0,1302,SHANSHAN,2,7.4,121.3,1004,0,0,0,0,0,0,0,0,2013-02-20 00:00:00,1361318400
45,2013,2,20,6,1302,SHANSHAN,2,7.5,120.7,1002,0,0,0,0,0,0,0,0,2013-02-20 06:00:00,1361340000
46,2013,2,20,12,1302,SHANSHAN,2,7.5,120.0,1004,0,0,0,0,0,0,0,0,2013-02-20 12:00:00,1361361600
47,2013,2,20,18,1302,SHANSHAN,2,7.5,118.0,1004,0,0,0,0,0,0,0,0,2013-02-20 18:00:00,1361383200
48,2013,2,21,0,1302,SHANSHAN,2,7.7,115.5,1004,0,0,0,0,0,0,0,0,2013-02-21 00:00:00,1361404800
49,2013,2,21,6,1302,SHANSHAN,2,7.0,112.7,1004,0,0,0,0,0,0,0,0,2013-02-21 06:00:00,1361426400
50,2013,2,21,12,1302,SHANSHAN,2,6.5,111.6,1004,0,0,0,0,0,0,0,0,2013-02-21 12:00:00,1361448000
51,2013,2,21,18,1302,SHANSHAN,3,5.9,110.3,1002,35,0,0,0,7,240,120,0,2013-02-21 18:00:00,1361469600
52,2013,2,22,0,1302,SHANSHAN,3,5.4,110.1,1002,35,0,0,0,7,240,120,0,2013-02-22 00:00:00,1361491200
53,2013,2,22,6,1302,SHANSHAN,3,5.2,109.9,1002,35,0,0,0,7,240,120,0,2013-02-22 06:00:00,1361512800
54,2013,2,22,12,1302,SHANSHAN,2,5.0,109.7,1004,0,0,0,0,0,0,0,0,2013-02-22 12:00:00,1361534400
55,2013,2,22,18,1302,SHANSHAN,2,4.7,109.6,1004,0,0,0,0,0,0,0,0,2013-02-22 18:00:00,1361556000
56,2013,2,23,0,1302,SHANSHAN,2,4.2,109.3,1006,0,0,0,0,0,0,0,0,2013-02-23 00:00:00,1361577600
57,2013,6,6,18,1303,YAGI,2,12.9,128.5,1006,0,0,0,0,0,0,0,0,2013-06-06 18:00:00,1370541600
58,2013,6,7,0,1303,YAGI,2,13.3,129.0,1006,0,0,0,0,0,0,0,0,2013-06-07 00:00:00,1370563200
59,2013,6,7,6,1303,YAGI,2,13.8,129.4,1004,0,0,0,0,0,0,0,0,2013-06-07 06:00:00,1370584800
60,2013,6,7,12,1303,YAGI,2,14.6,129.6,1004,0,0,0,0,0,0,0,0,2013-06-07 12:00:00,1370606400
61,2013,6,7,18,1303,YAGI,2,15.5,129.5,1004,0,0,0,0,0,0,0,0,2013-06-07 18:00:00,1370628000
62,2013,6,8,0,1303,YAGI,2,16.4,129.4,1004,0,0,0,0,0,0,0,0,2013-06-08 00:00:00,1370649600
63,2013,6,8,6,1303,YAGI,2,17.0,129.8,1002,0,0,0,0,0,0,0,0,2013-06-08 06:00:00,1370671200
64,2013,6,8,12,1303,YAGI,3,17.8,130.1,1000,35,0,0,0,3,150,120,0,2013-06-08 12:00:00,1370692800
65,2013,6,8,18,1303,YAGI,3,18.7,130.5,998,35,0,0,0,3,150,120,0,2013-06-08 18:00:00,1370714400
66,2013,6,9,0,1303,YAGI,3,19.7,131.0,996,35,0,0,0,3,180,120,0,2013-06-09 00:00:00,1370736000
67,2013,6,9,6,1303,YAGI,3,20.5,131.5,994,35,0,0,0,3,180,120,0,2013-06-09 06:00:00,1370757600
68,2013,6,9,12,1303,YAGI,3,20.9,132.0,994,35,0,0,0,3,180,120,0,2013-06-09 12:00:00,1370779200
69,2013,6,9,18,1303,YAGI,3,21.3,132.6,992,40,0,0,0,3,180,120,0,2013-06-09 18:00:00,1370800800
70,2013,6,10,0,1303,YAGI,3,22.3,133.3,992,40,0,0,0,3,210,150,0,2013-06-10 00:00:00,1370822400
71,2013,6,10,6,1303,YAGI,3,23.4,134.1,992,40,0,0,0,3,210,150,0,2013-06-10 06:00:00,1370844000
72,2013,6,10,12,1303,YAGI,3,24.4,134.9,990,45,0,0,0,2,180,120,0,2013-06-10 12:00:00,1370865600
73,2013,6,10,18,1303,YAGI,3,25.9,135.7,990,45,0,0,0,2,180,120,0,2013-06-10 18:00:00,1370887200
74,2013,6,11,0,1303,YAGI,3,27.6,136.2,990,45,0,0,0,2,200,130,0,2013-06-11 00:00:00,1370908800
75,2013,6,11,6,1303,YAGI,3,29.1,136.9,990,45,0,0,0,2,200,130,0,2013-06-11 06:00:00,1370930400
76,2013,6,11,12,1303,YAGI,3,29.9,136.8,994,40,0,0,0,2,200,130,0,2013-06-11 12:00:00,1370952000
77,2013,6,11,18,1303,YAGI,3,30.5,136.8,996,35,0,0,0,2,180,120,0,2013-06-11 18:00:00,1370973600
78,2013,6,12,0,1303,YAGI,3,31.0,137.2,998,35,0,0,0,2,170,120,0,2013-06-12 00:00:00,1370995200
79,2013,6,12,6,1303,YAGI,6,31.1,137.9,1000,0,0,0,0,0,0,0,0,2013-06-12 06:00:00,1371016800
80,2013,6,12,12,1303,YAGI,6,31.3,138.7,1000,0,0,0,0,0,0,0,0,2013-06-12 12:00:00,1371038400
81,2013,6,12,18,1303,YAGI,6,31.8,139.5,1002,0,0,0,0,0,0,0,0,2013-06-12 18:00:00,1371060000
82,2013,6,13,0,1303,YAGI,6,32.4,139.2,1004,0,0,0,0,0,0,0,0,2013-06-13 00:00:00,1371081600
83,2013,6,13,6,1303,YAGI,6,32.2,139.5,1004,0,0,0,0,0,0,0,0,2013-06-13 06:00:00,1371103200
84,2013,6,13,12,1303,YAGI,6,31.6,139.2,1006,0,0,0,0,0,0,0,0,2013-06-13 12:00:00,1371124800
85,2013,6,13,18,1303,YAGI,6,31.1,139.3,1006,0,0,0,0,0,0,0,0,2013-06-13 18:00:00,1371146400
86,2013,6,14,0,1303,YAGI,6,31.0,139.2,1008,0,0,0,0,0,0,0,0,2013-06-14 00:00:00,1371168000
87,2013,6,14,6,1303,YAGI,6,30.8,139.4,1008,0,0,0,0,0,0,0,0,2013-06-14 06:00:00,1371189600
88,2013,6,14,12,1303,YAGI,6,30.7,139.5,1010,0,0,0,0,0,0,0,0,2013-06-14 12:00:00,1371211200
89,2013,6,14,18,1303,YAGI,6,30.7,139.7,1008,0,0,0,0,0,0,0,0,2013-06-14 18:00:00,1371232800
90,2013,6,15,0,1303,YAGI,6,30.7,140.0,1010,0,0,0,0,0,0,0,0,2013-06-15 00:00:00,1371254400
91,2013,6,15,6,1303,YAGI,6,30.7,140.3,1008,0,0,0,0,0,0,0,0,2013-06-15 06:00:00,1371276000
92,2013,6,15,12,1303,YAGI,6,30.6,141.2,1008,0,0,0,0,0,0,0,0,2013-06-15 12:00:00,1371297600
93,2013,6,15,18,1303,YAGI,6,30.8,141.7,1006,0,0,0,0,0,0,0,0,2013-06-15 18:00:00,1371319200
94,2013,6,16,0,1303,YAGI,6,30.8,141.9,1006,0,0,0,0,0,0,0,0,2013-06-16 00:00:00,1371340800
95,2013,6,16,6,1303,YAGI,6,31.3,142.8,1004,0,0,0,0,0,0,0,0,2013-06-16 06:00:00,1371362400
96,2013,6,16,6,1304,LEEPI,2,12.0,128.2,1004,0,0,0,0,0,0,0,0,2013-06-16 06:00:00,1371362400
97,2013,6,16,12,1304,LEEPI,2,12.6,127.6,1004,0,0,0,0,0,0,0,0,2013-06-16 12:00:00,1371384000
98,2013,6,16,18,1304,LEEPI,2,12.9,127.1,1002,0,0,0,0,0,0,0,0,2013-06-16 18:00:00,1371405600
99,2013,6,17,0,1304,LEEPI,2,13.3,126.9,1002,0,0,0,0,0,0,0,0,2013-06-17 00:00:00,1371427200
100,2013,6,17,6,1304,LEEPI,2,13.9,126.8,1000,0,0,0,0,0,0,0,0,2013-06-17 06:00:00,1371448800
101,2013,6,17,12,1304,LEEPI,2,14.5,126.6,1000,0,0,0,0,0,0,0,0,2013-06-17 12:00:00,1371470400
102,2013,6,17,18,1304,LEEPI,2,15.5,126.6,998,0,0,0,0,0,0,0,0,2013-06-17 18:00:00,1371492000
103,2013,6,18,0,1304,LEEPI,3,16.6,126.6,998,35,0,0,0,1,325,180,0,2013-06-18 00:00:00,1371513600
104,2013,6,18,6,1304,LEEPI,3,17.7,126.6,996,35,0,0,0,1,325,180,0,2013-06-18 06:00:00,1371535200
105,2013,6,18,12,1304,LEEPI,3,18.9,126.2,996,35,0,0,0,1,325,180,0,2013-06-18 12:00:00,1371556800
106,2013,6,18,18,1304,LEEPI,3,19.7,125.7,994,40,0,0,0,1,325,180,0,2013-06-18 18:00:00,1371578400
107,2013,6,19,0,1304,LEEPI,3,21.0,125.3,994,40,0,0,0,2,325,180,0,2013-06-19 00:00:00,1371600000
108,2013,6,19,6,1304,LEEPI,3,22.3,125.2,994,40,0,0,0,2,325,180,0,2013-06-19 06:00:00,1371621600
109,2013,6,19,12,1304,LEEPI,3,24.1,125.4,994,40,0,0,0,3,350,150,0,2013-06-19 12:00:00,1371643200
111,2013,6,19,18,1304,LEEPI,3,25.2,124.9,994,40,0,0,0,3,350,150,0,2013-06-19 18:00:00,1371664800
113,2013,6,20,0,1304,LEEPI,3,26.8,124.8,994,40,0,0,0,3,350,150,0,2013-06-20 00:00:00,1371686400
114,2013,6,20,6,1304,LEEPI,3,28.5,125.2,994,40,0,0,0,3,350,150,0,2013-06-20 06:00:00,1371708000
115,2013,6,20,12,1304,LEEPI,3,30.0,125.7,996,35,0,0,0,3,300,150,0,2013-06-20 12:00:00,1371729600
116,2013,6,20,18,1304,LEEPI,3,31.0,126.3,998,35,0,0,0,3,250,150,0,2013-06-20 18:00:00,1371751200
118,2013,6,21,0,1304,LEEPI,6,32.0,127.0,1002,0,0,0,0,0,0,0,0,2013-06-21 00:00:00,1371772800
119,2013,6,21,6,1304,LEEPI,6,32.8,129.9,1002,0,0,0,0,0,0,0,0,2013-06-21 06:00:00,1371794400
120,2013,6,21,12,1304,LEEPI,6,32.4,135.7,1004,0,0,0,0,0,0,0,0,2013-06-21 12:00:00,1371816000
121,2013,6,21,18,1304,LEEPI,6,32.7,140.1,1000,0,0,0,0,0,0,0,0,2013-06-21 18:00:00,1371837600
122,2013,6,22,0,1304,LEEPI,6,33.4,145.9,1000,0,0,0,0,0,0,0,0,2013-06-22 00:00:00,1371859200
123,2013,6,22,6,1304,LEEPI,6,34.2,150.1,1000,0,0,0,0,0,0,0,0,2013-06-22 06:00:00,1371880800
124,2013,6,22,12,1304,LEEPI,6,35.0,153.5,1000,0,0,0,0,0,0,0,0,2013-06-22 12:00:00,1371902400
125,2013,6,22,18,1304,LEEPI,6,36.6,157.2,1000,0,0,0,0,0,0,0,0,2013-06-22 18:00:00,1371924000
126,2013,6,23,0,1304,LEEPI,6,38.1,161.0,1000,0,0,0,0,0,0,0,0,2013-06-23 00:00:00,1371945600
127,2013,6,23,6,1304,LEEPI,6,43.1,170.4,1004,0,0,0,0,0,0,0,0,2013-06-23 06:00:00,1371967200
128,2013,6,23,12,1304,LEEPI,6,44.5,174.0,1004,0,0,0,0,0,0,0,0,2013-06-23 12:00:00,1371988800
129,2013,6,23,18,1304,LEEPI,6,46.0,177.9,1008,0,0,0,0,0,0,0,0,2013-06-23 18:00:00,1372010400
130,2013,6,19,18,1305,BEBINCA,2,14.8,116.9,1002,0,0,0,0,0,0,0,0,2013-06-19 18:00:00,1371664800
131,2013,6,20,0,1305,BEBINCA,2,15.7,117.4,1002,0,0,0,0,0,0,0,0,2013-06-20 00:00:00,1371686400
132,2013,6,20,6,1305,BEBINCA,2,16.4,117.6,1000,0,0,0,0,0,0,0,0,2013-06-20 06:00:00,1371708000
133,2013,6,20,12,1305,BEBINCA,2,17.2,117.4,1000,0,0,0,0,0,0,0,0,2013-06-20 12:00:00,1371729600
134,2013,6,20,18,1305,BEBINCA,3,17.6,116.8,998,35,0,0,0,2,120,100,0,2013-06-20 18:00:00,1371751200
135,2013,6,21,0,1305,BEBINCA,3,18.0,116.2,998,35,0,0,0,2,120,100,0,2013-06-21 00:00:00,1371772800
136,2013,6,21,6,1305,BEBINCA,3,18.4,115.5,996,35,0,0,0,2,150,120,0,2013-06-21 06:00:00,1371794400
137,2013,6,21,12,1305,BEBINCA,3,18.8,114.3,996,35,0,0,0,2,150,120,0,2013-06-21 12:00:00,1371816000
138,2013,6,21,18,1305,BEBINCA,3,19.2,112.8,994,35,0,0,0,2,150,120,0,2013-06-21 18:00:00,1371837600
139,2013,6,22,0,1305,BEBINCA,3,19.2,111.4,990,40,0,0,0,2,150,120,0,2013-06-22 00:00:00,1371859200
140,2013,6,22,6,1305,BEBINCA,3,19.1,110.2,990,40,0,0,0,2,150,120,0,2013-06-22 06:00:00,1371880800
141,2013,6,22,12,1305,BEBINCA,3,19.0,108.7,990,40,0,0,0,3,150,120,0,2013-06-22 12:00:00,1371902400
142,2013,6,22,18,1305,BEBINCA,3,19.2,107.8,992,40,0,0,0,2,150,120,0,2013-06-22 18:00:00,1371924000
143,2013,6,23,0,1305,BEBINCA,3,19.3,107.3,992,35,0,0,0,9,120,120,0,2013-06-23 00:00:00,1371945600
144,2013,6,23,6,1305,BEBINCA,3,19.8,107.0,994,35,0,0,0,9,120,120,0,2013-06-23 06:00:00,1371967200
145,2013,6,23,12,1305,BEBINCA,3,20.4,106.6,994,35,0,0,0,9,120,120,0,2013-06-23 12:00:00,1371988800
146,2013,6,23,18,1305,BEBINCA,3,20.7,106.4,996,35,0,0,0,9,120,120,0,2013-06-23 18:00:00,1372010400
147,2013,6,24,0,1305,BEBINCA,3,21.0,106.4,998,35,0,0,0,9,100,100,0,2013-06-24 00:00:00,1372032000
148,2013,6,24,6,1305,BEBINCA,2,21.6,106.6,1000,0,0,0,0,0,0,0,0,2013-06-24 06:00:00,1372053600
149,2013,6,27,0,1306,RUMBIA,2,9.1,132.5,1008,0,0,0,0,0,0,0,0,2013-06-27 00:00:00,1372291200
150,2013,6,27,6,1306,RUMBIA,2,9.1,132.0,1006,0,0,0,0,0,0,0,0,2013-06-27 06:00:00,1372312800
151,2013,6,27,12,1306,RUMBIA,2,9.0,131.5,1006,0,0,0,0,0,0,0,0,2013-06-27 12:00:00,1372334400
152,2013,6,27,18,1306,RUMBIA,2,8.9,130.5,1004,0,0,0,0,0,0,0,0,2013-06-27 18:00:00,1372356000
153,2013,6,28,0,1306,RUMBIA,2,9.5,129.3,1006,0,0,0,0,0,0,0,0,2013-06-28 00:00:00,1372377600
154,2013,6,28,6,1306,RUMBIA,2,10.0,128.5,1006,0,0,0,0,0,0,0,0,2013-06-28 06:00:00,1372399200
155,2013,6,28,12,1306,RUMBIA,3,10.3,128.0,1002,35,0,0,0,9,90,90,0,2013-06-28 12:00:00,1372420800
156,2013,6,28,18,1306,RUMBIA,3,11.5,126.2,1002,35,0,0,0,9,90,90,0,2013-06-28 18:00:00,1372442400
157,2013,6,29,0,1306,RUMBIA,3,11.7,125.0,1002,35,0,0,0,9,110,110,0,2013-06-29 00:00:00,1372464000
158,2013,6,29,6,1306,RUMBIA,3,12.9,124.1,1002,35,0,0,0,9,110,110,0,2013-06-29 06:00:00,1372485600
159,2013,6,29,12,1306,RUMBIA,3,13.7,122.8,1002,35,0,0,0,9,110,110,0,2013-06-29 12:00:00,1372507200
160,2013,6,29,18,1306,RUMBIA,3,13.9,121.1,1000,35,0,0,0,9,110,110,0,2013-06-29 18:00:00,1372528800
161,2013,6,30,0,1306,RUMBIA,3,14.6,119.7,1000,35,0,0,0,9,120,120,0,2013-06-30 00:00:00,1372550400
162,2013,6,30,6,1306,RUMBIA,3,15.3,118.6,996,40,0,0,0,9,120,120,0,2013-06-30 06:00:00,1372572000
163,2013,6,30,12,1306,RUMBIA,3,16.4,117.2,994,40,0,0,0,9,150,150,0,2013-06-30 12:00:00,1372593600
164,2013,6,30,18,1306,RUMBIA,3,17.5,115.6,990,45,0,0,0,9,150,150,0,2013-06-30 18:00:00,1372615200
165,2013,7,1,0,1306,RUMBIA,3,18.3,113.9,990,45,0,0,0,2,180,150,0,2013-07-01 00:00:00,1372636800
166,2013,7,1,6,1306,RUMBIA,4,19.0,112.6,985,50,0,0,0,2,180,150,0,2013-07-01 06:00:00,1372658400
167,2013,7,1,12,1306,RUMBIA,4,19.8,111.6,985,50,0,0,0,2,180,150,0,2013-07-01 12:00:00,1372680000
168,2013,7,1,18,1306,RUMBIA,3,20.6,110.5,990,45,0,0,0,2,120,90,0,2013-07-01 18:00:00,1372701600
169,2013,7,2,0,1306,RUMBIA,3,21.4,110.0,992,45,0,0,0,2,120,90,0,2013-07-02 00:00:00,1372723200
170,2013,7,2,6,1306,RUMBIA,3,23.1,109.0,996,35,0,0,0,9,90,90,0,2013-07-02 06:00:00,1372744800
171,2013,7,2,12,1306,RUMBIA,2,24.0,108.4,1000,0,0,0,0,0,0,0,0,2013-07-02 12:00:00,1372766400
172,2013,7,7,0,1307,SOULIK,2,19.0,151.0,1010,0,0,0,0,0,0,0,0,2013-07-07 00:00:00,1373155200
173,2013,7,7,6,1307,SOULIK,2,19.1,149.3,1010,0,0,0,0,0,0,0,0,2013-07-07 06:00:00,1373176800
174,2013,7,7,12,1307,SOULIK,2,19.1,147.9,1010,0,0,0,0,0,0,0,0,2013-07-07 12:00:00,1373198400
175,2013,7,7,18,1307,SOULIK,2,18.9,146.5,1006,0,0,0,0,0,0,0,0,2013-07-07 18:00:00,1373220000
176,2013,7,8,0,1307,SOULIK,3,18.9,145.4,1002,35,0,0,0,8,210,180,0,2013-07-08 00:00:00,1373241600
177,2013,7,8,6,1307,SOULIK,3,19.0,143.9,994,45,0,0,0,8,240,210,0,2013-07-08 06:00:00,1373263200
178,2013,7,8,12,1307,SOULIK,4,19.2,142.7,985,50,0,0,0,8,240,210,0,2013-07-08 12:00:00,1373284800
179,2013,7,8,18,1307,SOULIK,4,19.4,141.5,975,60,9,40,40,8,240,210,0,2013-07-08 18:00:00,1373306400
180,2013,7,9,0,1307,SOULIK,5,19.6,140.4,970,65,9,60,60,9,240,240,0,2013-07-09 00:00:00,1373328000
181,2013,7,9,6,1307,SOULIK,5,20.0,139.4,955,80,9,70,70,9,240,240,0,2013-07-09 06:00:00,1373349600
182,2013,7,9,12,1307,SOULIK,5,20.3,138.1,945,85,9,80,80,9,240,240,0,2013-07-09 12:00:00,1373371200
183,2013,7,9,18,1307,SOULIK,5,20.7,137.1,935,90,9,90,90,9,240,240,0,2013-07-09 18:00:00,1373392800
184,2013,7,10,0,1307,SOULIK,5,21.1,135.8,925,100,9,100,100,1,270,240,0,2013-07-10 00:00:00,1373414400
185,2013,7,10,6,1307,SOULIK,5,21.4,134.8,925,100,9,100,100,1,270,240,0,2013-07-10 06:00:00,1373436000
186,2013,7,10,12,1307,SOULIK,5,21.8,133.5,925,100,9,100,100,1,270,240,0,2013-07-10 12:00:00,1373457600
187,2013,7,10,18,1307,SOULIK,5,21.9,132.3,930,95,9,100,100,1,270,240,0,2013-07-10 18:00:00,1373479200
188,2013,7,11,0,1307,SOULIK,5,22.1,130.9,935,90,9,100,100,1,270,240,0,2013-07-11 00:00:00,1373500800
189,2013,7,11,6,1307,SOULIK,5,22.4,129.8,940,90,9,100,100,1,270,240,0,2013-07-11 06:00:00,1373522400
190,2013,7,11,12,1307,SOULIK,5,22.4,128.4,940,90,1,120,90,1,270,240,0,2013-07-11 12:00:00,1373544000
192,2013,7,11,18,1307,SOULIK,5,22.6,127.0,940,90,1,120,80,1,270,240,0,2013-07-11 18:00:00,1373565600
194,2013,7,12,0,1307,SOULIK,5,22.8,125.9,950,80,1,120,80,1,300,210,0,2013-07-12 00:00:00,1373587200
196,2013,7,12,6,1307,SOULIK,5,23.2,124.9,950,80,1,120,80,1,300,210,0,2013-07-12 06:00:00,1373608800
198,2013,7,12,12,1307,SOULIK,5,23.9,123.9,950,80,1,120,80,1,300,240,0,2013-07-12 12:00:00,1373630400
200,2013,7,12,18,1307,SOULIK,5,24.8,122.3,950,80,1,120,80,2,300,240,0,2013-07-12 18:00:00,1373652000
202,2013,7,13,0,1307,SOULIK,4,25.0,121.2,970,60,2,160,100,2,350,240,0,2013-07-13 00:00:00,1373673600
203,2013,7,13,6,1307,SOULIK,4,25.9,119.9,980,55,2,120,60,2,250,150,0,2013-07-13 06:00:00,1373695200
204,2013,7,13,12,1307,SOULIK,4,26.2,118.3,990,50,0,0,0,2,200,150,0,2013-07-13 12:00:00,1373716800
205,2013,7,13,18,1307,SOULIK,3,27.0,117.2,994,40,0,0,0,2,180,100,0,2013-07-13 18:00:00,1373738400
206,2013,7,14,0,1307,SOULIK,2,28.0,116.2,998,0,0,0,0,0,0,0,0,2013-07-14 00:00:00,1373760000
207,2013,7,14,6,1307,SOULIK,2,29.2,115.8,998,0,0,0,0,0,0,0,0,2013-07-14 06:00:00,1373781600
208,2013,7,14,12,1307,SOULIK,2,30.7,115.7,1000,0,0,0,0,0,0,0,0,2013-07-14 12:00:00,1373803200
209,2013,7,15,6,1308,CIMARON,2,14.0,126.9,1006,0,0,0,0,0,0,0,0,2013-07-15 06:00:00,1373868000
210,2013,7,15,12,1308,CIMARON,2,14.2,126.2,1008,0,0,0,0,0,0,0,0,2013-07-15 12:00:00,1373889600
211,2013,7,15,18,1308,CIMARON,2,14.6,125.6,1006,0,0,0,0,0,0,0,0,2013-07-15 18:00:00,1373911200
212,2013,7,16,0,1308,CIMARON,2,14.8,125.0,1006,0,0,0,0,0,0,0,0,2013-07-16 00:00:00,1373932800
213,2013,7,16,6,1308,CIMARON,2,15.6,124.4,1004,0,0,0,0,0,0,0,0,2013-07-16 06:00:00,1373954400
214,2013,7,16,12,1308,CIMARON,2,16.4,123.8,1004,0,0,0,0,0,0,0,0,2013-07-16 12:00:00,1373976000
215,2013,7,16,18,1308,CIMARON,2,17.2,123.2,1004,0,0,0,0,0,0,0,0,2013-07-16 18:00:00,1373997600
216,2013,7,17,0,1308,CIMARON,3,18.7,122.1,1002,35,0,0,0,9,60,60,0,2013-07-17 00:00:00,1374019200
217,2013,7,17,6,1308,CIMARON,3,19.3,120.9,1002,35,0,0,0,9,90,90,0,2013-07-17 06:00:00,1374040800
218,2013,7,17,12,1308,CIMARON,3,19.7,120.0,1002,35,0,0,0,9,90,90,0,2013-07-17 12:00:00,1374062400
219,2013,7,17,18,1308,CIMARON,3,20.7,119.0,1000,40,0,0,0,1,100,80,0,2013-07-17 18:00:00,1374084000
220,2013,7,18,0,1308,CIMARON,3,21.6,117.9,1000,40,0,0,0,1,100,80,0,2013-07-18 00:00:00,1374105600
221,2013,7,18,6,1308,CIMARON,3,22.4,117.5,1000,40,0,0,0,2,100,80,0,2013-07-18 06:00:00,1374127200
222,2013,7,18,12,1308,CIMARON,3,22.9,117.6,1002,35,0,0,0,2,100,80,0,2013-07-18 12:00:00,1374148800
223,2013,7,18,18,1308,CIMARON,2,23.5,117.9,1004,0,0,0,0,0,0,0,0,2013-07-18 18:00:00,1374170400
224,2013,7,28,18,1309,JEBI,2,13.1,123.3,1006,0,0,0,0,0,0,0,0,2013-07-28 18:00:00,1375034400
225,2013,7,29,0,1309,JEBI,2,13.2,122.4,1008,0,0,0,0,0,0,0,0,2013-07-29 00:00:00,1375056000
226,2013,7,29,6,1309,JEBI,2,13.4,121.6,1006,0,0,0,0,0,0,0,0,2013-07-29 06:00:00,1375077600
227,2013,7,29,12,1309,JEBI,2,13.6,120.9,1006,0,0,0,0,0,0,0,0,2013-07-29 12:00:00,1375099200
228,2013,7,29,18,1309,JEBI,2,13.7,120.1,1004,0,0,0,0,0,0,0,0,2013-07-29 18:00:00,1375120800
229,2013,7,30,0,1309,JEBI,2,13.8,119.5,1004,0,0,0,0,0,0,0,0,2013-07-30 00:00:00,1375142400
230,2013,7,30,6,1309,JEBI,2,14.0,118.4,1002,0,0,0,0,0,0,0,0,2013-07-30 06:00:00,1375164000
231,2013,7,30,12,1309,JEBI,2,14.3,117.5,1002,0,0,0,0,0,0,0,0,2013-07-30 12:00:00,1375185600
232,2013,7,30,18,1309,JEBI,2,14.6,117.0,1002,0,0,0,0,0,0,0,0,2013-07-30 18:00:00,1375207200
233,2013,7,31,0,1309,JEBI,3,14.7,116.3,1000,35,0,0,0,9,120,120,0,2013-07-31 00:00:00,1375228800
234,2013,7,31,6,1309,JEBI,3,14.8,115.7,998,35,0,0,0,9,120,120,0,2013-07-31 06:00:00,1375250400
235,2013,7,31,12,1309,JEBI,3,15.1,115.0,994,35,0,0,0,9,180,180,0,2013-07-31 12:00:00,1375272000
236,2013,7,31,18,1309,JEBI,3,15.3,114.5,994,35,0,0,0,3,250,150,0,2013-07-31 18:00:00,1375293600
237,2013,8,1,0,1309,JEBI,3,15.6,113.8,994,35,0,0,0,3,250,150,0,2013-08-01 00:00:00,1375315200
238,2013,8,1,6,1309,JEBI,3,16.1,113.5,994,35,0,0,0,3,250,150,0,2013-08-01 06:00:00,1375336800
239,2013,8,1,12,1309,JEBI,3,16.4,113.2,992,40,0,0,0,3,250,150,0,2013-08-01 12:00:00,1375358400
240,2013,8,1,18,1309,JEBI,3,16.8,112.8,990,40,0,0,0,3,250,150,0,2013-08-01 18:00:00,1375380000
241,2013,8,2,0,1309,JEBI,3,17.7,112.5,990,40,0,0,0,3,180,120,0,2013-08-02 00:00:00,1375401600
242,2013,8,2,6,1309,JEBI,4,18.8,111.8,985,50,0,0,0,3,180,120,0,2013-08-02 06:00:00,1375423200
243,2013,8,2,12,1309,JEBI,4,19.7,111.1,985,50,0,0,0,3,180,120,0,2013-08-02 12:00:00,1375444800
244,2013,8,2,18,1309,JEBI,4,20.3,109.4,985,50,0,0,0,3,180,100,0,2013-08-02 18:00:00,1375466400
245,2013,8,3,0,1309,JEBI,4,21.0,107.9,985,50,0,0,0,2,180,100,0,2013-08-03 00:00:00,1375488000
246,2013,8,3,6,1309,JEBI,3,21.6,106.5,990,40,0,0,0,2,150,90,0,2013-08-03 06:00:00,1375509600
247,2013,8,3,12,1309,JEBI,2,22.0,104.5,998,0,0,0,0,0,0,0,0,2013-08-03 12:00:00,1375531200
248,2013,8,5,0,1310,MANGKHUT,2,10.7,117.7,1006,0,0,0,0,0,0,0,0,2013-08-05 00:00:00,1375660800
249,2013,8,5,6,1310,MANGKHUT,2,11.4,116.9,1004,0,0,0,0,0,0,0,0,2013-08-05 06:00:00,1375682400
250,2013,8,5,12,1310,MANGKHUT,2,12.0,115.5,1004,0,0,0,0,0,0,0,0,2013-08-05 12:00:00,1375704000
251,2013,8,5,18,1310,MANGKHUT,2,13.1,113.5,1004,0,0,0,0,0,0,0,0,2013-08-05 18:00:00,1375725600
252,2013,8,6,0,1310,MANGKHUT,2,14.0,112.8,1002,0,0,0,0,0,0,0,0,2013-08-06 00:00:00,1375747200
253,2013,8,6,6,1310,MANGKHUT,2,15.1,111.8,1002,0,0,0,0,0,0,0,0,2013-08-06 06:00:00,1375768800
254,2013,8,6,12,1310,MANGKHUT,3,15.8,110.8,998,35,0,0,0,9,120,120,0,2013-08-06 12:00:00,1375790400
255,2013,8,6,18,1310,MANGKHUT,3,17.1,109.5,996,35,0,0,0,9,120,120,0,2013-08-06 18:00:00,1375812000
256,2013,8,7,0,1310,MANGKHUT,3,18.1,108.3,994,40,0,0,0,9,120,120,0,2013-08-07 00:00:00,1375833600
257,2013,8,7,6,1310,MANGKHUT,3,18.7,106.8,992,40,0,0,0,9,120,120,0,2013-08-07 06:00:00,1375855200
258,2013,8,7,12,1310,MANGKHUT,3,19.0,106.4,994,40,0,0,0,9,120,120,0,2013-08-07 12:00:00,1375876800
259,2013,8,7,18,1310,MANGKHUT,3,19.7,105.4,996,35,0,0,0,2,120,80,0,2013-08-07 18:00:00,1375898400
260,2013,8,8,0,1310,MANGKHUT,2,20.0,104.2,1000,0,0,0,0,0,0,0,0,2013-08-08 00:00:00,1375920000
261,2013,8,8,12,1311,UTOR,2,12.1,136.6,1008,0,0,0,0,0,0,0,0,2013-08-08 12:00:00,1375963200
262,2013,8,8,18,1311,UTOR,2,12.6,135.8,1006,0,0,0,0,0,0,0,0,2013-08-08 18:00:00,1375984800
263,2013,8,9,0,1311,UTOR,2,13.3,135.0,1006,0,0,0,0,0,0,0,0,2013-08-09 00:00:00,1376006400
264,2013,8,9,6,1311,UTOR,2,13.5,133.6,1004,0,0,0,0,0,0,0,0,2013-08-09 06:00:00,1376028000
265,2013,8,9,12,1311,UTOR,2,13.5,132.6,1004,0,0,0,0,0,0,0,0,2013-08-09 12:00:00,1376049600
266,2013,8,9,18,1311,UTOR,3,13.5,131.7,1002,35,0,0,0,9,100,100,0,2013-08-09 18:00:00,1376071200
267,2013,8,10,0,1311,UTOR,3,13.6,130.6,992,45,0,0,0,9,120,120,0,2013-08-10 00:00:00,1376092800
268,2013,8,10,6,1311,UTOR,5,13.9,129.2,965,70,9,50,50,9,120,120,0,2013-08-10 06:00:00,1376114400
269,2013,8,10,12,1311,UTOR,5,14.0,128.2,955,80,9,60,60,9,120,120,0,2013-08-10 12:00:00,1376136000
270,2013,8,10,18,1311,UTOR,5,14.2,127.0,955,80,9,70,70,9,150,150,0,2013-08-10 18:00:00,1376157600
271,2013,8,11,0,1311,UTOR,5,14.5,125.9,950,85,9,70,70,9,150,150,0,2013-08-11 00:00:00,1376179200
272,2013,8,11,6,1311,UTOR,5,15.1,124.8,940,90,9,70,70,9,150,150,0,2013-08-11 06:00:00,1376200800
273,2013,8,11,12,1311,UTOR,5,15.5,123.5,925,105,9,70,70,9,150,150,0,2013-08-11 12:00:00,1376222400
274,2013,8,11,18,1311,UTOR,5,16.1,122.2,935,95,9,70,70,9,150,150,0,2013-08-11 18:00:00,1376244000
275,2013,8,12,0,1311,UTOR,5,16.7,120.8,955,75,9,70,70,9,150,150,0,2013-08-12 00:00:00,1376265600
276,2013,8,12,6,1311,UTOR,5,17.2,119.2,965,70,9,70,70,9,150,150,0,2013-08-12 06:00:00,1376287200
277,2013,8,12,12,1311,UTOR,5,17.9,118.0,965,70,9,70,70,9,200,200,0,2013-08-12 12:00:00,1376308800
278,2013,8,12,18,1311,UTOR,5,18.0,116.5,965,70,9,70,70,9,200,200,0,2013-08-12 18:00:00,1376330400
279,2013,8,13,0,1311,UTOR,5,18.3,115.2,960,70,9,70,70,9,200,200,0,2013-08-13 00:00:00,1376352000
280,2013,8,13,6,1311,UTOR,5,18.8,114.1,960,70,9,70,70,9,200,200,0,2013-08-13 06:00:00,1376373600
281,2013,8,13,12,1311,UTOR,5,19.2,113.5,960,70,9,70,70,9,200,200,0,2013-08-13 12:00:00,1376395200
282,2013,8,13,18,1311,UTOR,5,19.6,112.9,960,70,9,70,70,9,200,200,0,2013-08-13 18:00:00,1376416800
283,2013,8,14,0,1311,UTOR,5,20.6,112.2,960,70,9,70,70,2,200,160,0,2013-08-14 00:00:00,1376438400
284,2013,8,14,6,1311,UTOR,5,21.6,112.0,965,65,9,60,60,2,200,160,0,2013-08-14 06:00:00,1376460000
285,2013,8,14,12,1311,UTOR,4,22.0,111.3,975,60,9,30,30,2,200,120,0,2013-08-14 12:00:00,1376481600
286,2013,8,14,18,1311,UTOR,3,22.5,111.2,985,45,0,0,0,2,200,100,0,2013-08-14 18:00:00,1376503200
287,2013,8,15,0,1311,UTOR,3,23.1,111.0,994,35,0,0,0,2,200,100,0,2013-08-15 00:00:00,1376524800
288,2013,8,15,6,1311,UTOR,3,23.7,111.0,994,35,0,0,0,2,200,100,0,2013-08-15 06:00:00,1376546400
289,2013,8,15,12,1311,UTOR,2,24.2,111.2,996,0,0,0,0,0,0,0,0,2013-08-15 12:00:00,1376568000
290,2013,8,15,18,1311,UTOR,2,24.5,111.4,996,0,0,0,0,0,0,0,0,2013-08-15 18:00:00,1376589600
291,2013,8,16,0,1311,UTOR,2,24.7,111.6,996,0,0,0,0,0,0,0,0,2013-08-16 00:00:00,1376611200
292,2013,8,16,6,1311,UTOR,2,24.8,111.5,996,0,0,0,0,0,0,0,0,2013-08-16 06:00:00,1376632800
293,2013,8,16,12,1311,UTOR,2,24.8,111.2,996,0,0,0,0,0,0,0,0,2013-08-16 12:00:00,1376654400
294,2013,8,16,18,1311,UTOR,2,24.7,110.8,996,0,0,0,0,0,0,0,0,2013-08-16 18:00:00,1376676000
295,2013,8,17,0,1311,UTOR,2,24.4,110.3,996,0,0,0,0,0,0,0,0,2013-08-17 00:00:00,1376697600
296,2013,8,17,6,1311,UTOR,2,23.9,110.1,996,0,0,0,0,0,0,0,0,2013-08-17 06:00:00,1376719200
297,2013,8,17,12,1311,UTOR,2,23.5,109.9,996,0,0,0,0,0,0,0,0,2013-08-17 12:00:00,1376740800
298,2013,8,17,18,1311,UTOR,2,23.2,109.6,996,0,0,0,0,0,0,0,0,2013-08-17 18:00:00,1376762400
299,2013,8,18,0,1311,UTOR,2,23.2,109.4,998,0,0,0,0,0,0,0,0,2013-08-18 00:00:00,1376784000
300,2013,8,18,6,1311,UTOR,2,23.1,109.1,998,0,0,0,0,0,0,0,0,2013-08-18 06:00:00,1376805600
301,2013,8,16,12,1312,TRAMI,2,22.5,123.4,1002,0,0,0,0,0,0,0,0,2013-08-16 12:00:00,1376654400
302,2013,8,16,18,1312,TRAMI,2,22.0,124.0,1000,0,0,0,0,0,0,0,0,2013-08-16 18:00:00,1376676000
303,2013,8,17,0,1312,TRAMI,2,21.2,124.9,1000,0,0,0,0,0,0,0,0,2013-08-17 00:00:00,1376697600
304,2013,8,17,6,1312,TRAMI,2,20.7,125.7,998,0,0,0,0,0,0,0,0,2013-08-17 06:00:00,1376719200
305,2013,8,17,12,1312,TRAMI,2,20.5,126.5,1000,0,0,0,0,0,0,0,0,2013-08-17 12:00:00,1376740800
306,2013,8,17,18,1312,TRAMI,2,20.4,126.9,996,0,0,0,0,0,0,0,0,2013-08-17 18:00:00,1376762400
307,2013,8,18,0,1312,TRAMI,3,20.3,127.0,994,35,0,0,0,9,90,90,0,2013-08-18 00:00:00,1376784000
308,2013,8,18,6,1312,TRAMI,3,20.2,127.2,994,35,0,0,0,9,90,90,0,2013-08-18 06:00:00,1376805600
309,2013,8,18,12,1312,TRAMI,3,19.7,127.4,994,35,0,0,0,9,90,90,0,2013-08-18 12:00:00,1376827200
310,2013,8,18,18,1312,TRAMI,3,19.2,127.6,992,40,0,0,0,4,120,60,0,2013-08-18 18:00:00,1376848800
311,2013,8,19,0,1312,TRAMI,3,19.2,127.7,992,40,0,0,0,4,120,60,0,2013-08-19 00:00:00,1376870400
312,2013,8,19,6,1312,TRAMI,3,19.7,128.1,992,40,0,0,0,4,120,60,0,2013-08-19 06:00:00,1376892000
313,2013,8,19,12,1312,TRAMI,3,20.5,128.6,990,45,0,0,0,4,150,60,0,2013-08-19 12:00:00,1376913600
314,2013,8,19,18,1312,TRAMI,4,21.1,128.7,985,50,0,0,0,4,150,90,0,2013-08-19 18:00:00,1376935200
315,2013,8,20,0,1312,TRAMI,4,22.3,128.5,985,50,0,0,0,4,180,90,0,2013-08-20 00:00:00,1376956800
316,2013,8,20,6,1312,TRAMI,4,22.6,127.8,980,55,9,30,30,3,240,150,0,2013-08-20 06:00:00,1376978400
317,2013,8,20,12,1312,TRAMI,4,22.9,126.8,980,55,9,30,30,2,240,150,0,2013-08-20 12:00:00,1377000000
319,2013,8,20,18,1312,TRAMI,4,24.5,126.2,970,60,9,30,30,2,240,150,0,2013-08-20 18:00:00,1377021600
321,2013,8,21,0,1312,TRAMI,4,25.2,124.3,965,60,9,30,30,2,240,150,0,2013-08-21 00:00:00,1377043200
323,2013,8,21,6,1312,TRAMI,4,25.5,122.8,965,60,9,30,30,3,280,180,0,2013-08-21 06:00:00,1377064800
324,2013,8,21,12,1312,TRAMI,4,25.9,121.0,965,60,9,50,50,2,325,180,0,2013-08-21 12:00:00,1377086400
325,2013,8,21,18,1312,TRAMI,4,25.7,119.6,965,60,9,50,50,2,325,180,0,2013-08-21 18:00:00,1377108000
326,2013,8,22,0,1312,TRAMI,4,26.0,118.4,980,50,0,0,0,2,325,180,0,2013-08-22 00:00:00,1377129600
327,2013,8,22,6,1312,TRAMI,3,26.8,117.1,985,40,0,0,0,2,325,180,0,2013-08-22 06:00:00,1377151200
328,2013,8,22,12,1312,TRAMI,3,27.5,116.0,990,35,0,0,0,2,325,180,0,2013-08-22 12:00:00,1377172800
329,2013,8,22,18,1312,TRAMI,2,27.7,114.7,990,0,0,0,0,0,0,0,0,2013-08-22 18:00:00,1377194400
330,2013,8,23,0,1312,TRAMI,2,27.8,113.5,992,0,0,0,0,0,0,0,0,2013-08-23 00:00:00,1377216000
331,2013,8,23,6,1312,TRAMI,2,27.8,112.7,994,0,0,0,0,0,0,0,0,2013-08-23 06:00:00,1377237600
332,2013,8,23,12,1312,TRAMI,2,27.1,111.7,996,0,0,0,0,0,0,0,0,2013-08-23 12:00:00,1377259200
333,2013,8,23,18,1312,TRAMI,2,26.0,110.5,998,0,0,0,0,0,0,0,0,2013-08-23 18:00:00,1377280800
334,2013,8,24,0,1312,TRAMI,2,25.3,108.5,998,0,0,0,0,0,0,0,0,2013-08-24 00:00:00,1377302400
335,2013,8,24,6,1312,TRAMI,2,24.3,107.3,998,0,0,0,0,0,0,0,0,2013-08-24 06:00:00,1377324000
336,2013,8,18,6,1313,PEWA,7,12.0,180.4,996,45,0,0,0,9,90,90,0,2013-08-18 06:00:00,1376805600
337,2013,8,18,12,1313,PEWA,3,12.4,179.7,996,45,0,0,0,9,90,90,0,2013-08-18 12:00:00,1376827200
338,2013,8,18,18,1313,PEWA,3,12.7,179.0,996,45,0,0,0,9,90,90,0,2013-08-18 18:00:00,1376848800
339,2013,8,19,0,1313,PEWA,4,13.3,178.4,990,55,9,20,20,9,90,90,0,2013-08-19 00:00:00,1376870400
340,2013,8,19,6,1313,PEWA,4,13.8,177.8,990,55,9,20,20,9,90,90,0,2013-08-19 06:00:00,1376892000
341,2013,8,19,12,1313,PEWA,4,14.3,177.1,990,55,9,20,20,9,90,90,0,2013-08-19 12:00:00,1376913600
342,2013,8,19,18,1313,PEWA,3,14.8,176.5,996,45,0,0,0,9,90,90,0,2013-08-19 18:00:00,1376935200
343,2013,8,20,0,1313,PEWA,3,15.3,175.6,996,45,0,0,0,8,90,70,0,2013-08-20 00:00:00,1376956800
344,2013,8,20,6,1313,PEWA,3,16.2,174.8,998,40,0,0,0,8,90,70,0,2013-08-20 06:00:00,1376978400
345,2013,8,20,12,1313,PEWA,3,17.2,173.8,998,40,0,0,0,8,90,70,0,2013-08-20 12:00:00,1377000000
346,2013,8,20,18,1313,PEWA,3,18.0,172.8,998,40,0,0,0,8,90,70,0,2013-08-20 18:00:00,1377021600
347,2013,8,21,0,1313,PEWA,3,18.6,171.8,1000,35,0,0,0,1,90,70,0,2013-08-21 00:00:00,1377043200
348,2013,8,21,6,1313,PEWA,3,19.4,171.2,1000,35,0,0,0,1,120,50,0,2013-08-21 06:00:00,1377064800
349,2013,8,21,12,1313,PEWA,3,20.2,170.5,1004,35,0,0,0,1,120,50,0,2013-08-21 12:00:00,1377086400
350,2013,8,21,18,1313,PEWA,3,21.3,170.1,1004,35,0,0,0,1,120,50,0,2013-08-21 18:00:00,1377108000
351,2013,8,22,0,1313,PEWA,3,22.2,169.7,1004,35,0,0,0,1,120,50,0,2013-08-22 00:00:00,1377129600
352,2013,8,22,6,1313,PEWA,3,23.2,169.6,1004,35,0,0,0,1,120,50,0,2013-08-22 06:00:00,1377151200
353,2013,8,22,12,1313,PEWA,3,24.2,169.3,1004,35,0,0,0,1,120,50,0,2013-08-22 12:00:00,1377172800
354,2013,8,22,18,1313,PEWA,3,25.2,168.9,1004,35,0,0,0,1,120,50,0,2013-08-22 18:00:00,1377194400
355,2013,8,23,0,1313,PEWA,3,25.8,168.5,1004,35,0,0,0,1,120,50,0,2013-08-23 00:00:00,1377216000
356,2013,8,23,6,1313,PEWA,3,26.4,168.5,1004,35,0,0,0,1,120,50,0,2013-08-23 06:00:00,1377237600
357,2013,8,23,12,1313,PEWA,3,26.8,168.9,1004,35,0,0,0,1,120,50,0,2013-08-23 12:00:00,1377259200
358,2013,8,23,18,1313,PEWA,3,27.2,169.3,1004,35,0,0,0,1,120,50,0,2013-08-23 18:00:00,1377280800
359,2013,8,24,0,1313,PEWA,3,27.5,169.3,1004,35,0,0,0,1,120,50,0,2013-08-24 00:00:00,1377302400
360,2013,8,24,6,1313,PEWA,3,27.9,168.8,1004,35,0,0,0,1,120,50,0,2013-08-24 06:00:00,1377324000
361,2013,8,24,12,1313,PEWA,3,28.2,168.1,1004,35,0,0,0,1,120,50,0,2013-08-24 12:00:00,1377345600
362,2013,8,24,18,1313,PEWA,3,28.3,167.5,1004,35,0,0,0,1,150,60,0,2013-08-24 18:00:00,1377367200
363,2013,8,25,0,1313,PEWA,2,28.5,166.9,1004,0,0,0,0,0,0,0,0,2013-08-25 00:00:00,1377388800
364,2013,8,25,6,1313,PEWA,2,28.7,166.2,1002,0,0,0,0,0,0,0,0,2013-08-25 06:00:00,1377410400
365,2013,8,25,12,1313,PEWA,2,29.0,166.0,1004,0,0,0,0,0,0,0,0,2013-08-25 12:00:00,1377432000
366,2013,8,25,18,1313,PEWA,2,29.6,165.8,1004,0,0,0,0,0,0,0,0,2013-08-25 18:00:00,1377453600
367,2013,8,26,0,1313,PEWA,2,30.8,165.3,1004,0,0,0,0,0,0,0,0,2013-08-26 00:00:00,1377475200
368,2013,8,26,6,1313,PEWA,2,32.0,165.3,1004,0,0,0,0,0,0,0,0,2013-08-26 06:00:00,1377496800
369,2013,8,26,12,1313,PEWA,2,33.4,165.6,1004,0,0,0,0,0,0,0,0,2013-08-26 12:00:00,1377518400
370,2013,8,26,18,1313,PEWA,2,35.2,165.8,1004,0,0,0,0,0,0,0,0,2013-08-26 18:00:00,1377540000
371,2013,8,19,0,1314,UNALA,7,17.0,182.3,1000,35,0,0,0,9,40,40,0,2013-08-19 00:00:00,1376870400
372,2013,8,19,6,1314,UNALA,3,17.5,180.0,1000,35,0,0,0,9,40,40,0,2013-08-19 06:00:00,1376892000
373,2013,8,19,12,1314,UNALA,2,17.5,179.2,1004,0,0,0,0,0,0,0,0,2013-08-19 12:00:00,1376913600
374,2013,8,25,0,1315,KONG-REY,2,11.3,129.0,1004,0,0,0,0,0,0,0,0,2013-08-25 00:00:00,1377388800
375,2013,8,25,6,1315,KONG-REY,2,12.1,128.7,1002,0,0,0,0,0,0,0,0,2013-08-25 06:00:00,1377410400
376,2013,8,25,12,1315,KONG-REY,2,13.5,128.1,1002,0,0,0,0,0,0,0,0,2013-08-25 12:00:00,1377432000
377,2013,8,25,18,1315,KONG-REY,2,14.8,127.0,1002,0,0,0,0,0,0,0,0,2013-08-25 18:00:00,1377453600
378,2013,8,26,0,1315,KONG-REY,2,15.4,126.1,1002,0,0,0,0,0,0,0,0,2013-08-26 00:00:00,1377475200
379,2013,8,26,6,1315,KONG-REY,3,16.0,125.3,1000,35,0,0,0,9,120,120,0,2013-08-26 06:00:00,1377496800
380,2013,8,26,12,1315,KONG-REY,3,16.9,124.2,998,35,0,0,0,9,120,120,0,2013-08-26 12:00:00,1377518400
381,2013,8,26,18,1315,KONG-REY,3,17.6,123.8,996,40,0,0,0,3,150,120,0,2013-08-26 18:00:00,1377540000
382,2013,8,27,0,1315,KONG-REY,3,18.4,124.0,996,40,0,0,0,3,180,120,0,2013-08-27 00:00:00,1377561600
383,2013,8,27,6,1315,KONG-REY,3,19.4,123.9,996,40,0,0,0,3,180,120,0,2013-08-27 06:00:00,1377583200
384,2013,8,27,12,1315,KONG-REY,3,20.0,123.5,992,45,0,0,0,3,180,120,0,2013-08-27 12:00:00,1377604800
385,2013,8,27,18,1315,KONG-REY,3,20.4,123.1,990,45,0,0,0,3,180,120,0,2013-08-27 18:00:00,1377626400
386,2013,8,28,0,1315,KONG-REY,4,20.8,122.8,985,50,0,0,0,3,200,120,0,2013-08-28 00:00:00,1377648000
387,2013,8,28,6,1315,KONG-REY,4,21.9,122.7,985,50,0,0,0,3,200,150,0,2013-08-28 06:00:00,1377669600
389,2013,8,28,12,1315,KONG-REY,4,22.8,122.5,980,55,9,30,30,3,200,120,0,2013-08-28 12:00:00,1377691200
391,2013,8,28,18,1315,KONG-REY,4,23.9,122.5,980,55,3,40,20,4,200,120,0,2013-08-28 18:00:00,1377712800
393,2013,8,29,0,1315,KONG-REY,3,25.2,122.5,992,40,0,0,0,3,180,90,0,2013-08-29 00:00:00,1377734400
395,2013,8,29,6,1315,KONG-REY,3,25.9,122.3,996,35,0,0,0,3,180,90,0,2013-08-29 06:00:00,1377756000
396,2013,8,29,12,1315,KONG-REY,3,26.7,122.1,996,35,0,0,0,3,180,90,0,2013-08-29 12:00:00,1377777600
397,2013,8,29,18,1315,KONG-REY,3,27.2,122.5,996,35,0,0,0,3,180,90,0,2013-08-29 18:00:00,1377799200
398,2013,8,30,0,1315,KONG-REY,2,28.7,123.5,998,0,0,0,0,0,0,0,0,2013-08-30 00:00:00,1377820800
399,2013,8,30,6,1315,KONG-REY,2,29.9,124.5,1000,0,0,0,0,0,0,0,0,2013-08-30 06:00:00,1377842400
400,2013,8,29,0,1316,YUTU,2,29.2,169.1,1008,0,0,0,0,0,0,0,0,2013-08-29 00:00:00,1377734400
401,2013,8,29,6,1316,YUTU,2,29.0,169.2,1008,0,0,0,0,0,0,0,0,2013-08-29 06:00:00,1377756000
402,2013,8,29,12,1316,YUTU,2,28.9,169.2,1008,0,0,0,0,0,0,0,0,2013-08-29 12:00:00,1377777600
403,2013,8,29,18,1316,YUTU,2,28.7,169.3,1006,0,0,0,0,0,0,0,0,2013-08-29 18:00:00,1377799200
404,2013,8,30,0,1316,YUTU,2,28.5,169.4,1006,0,0,0,0,0,0,0,0,2013-08-30 00:00:00,1377820800
405,2013,8,30,6,1316,YUTU,2,28.1,169.6,1004,0,0,0,0,0,0,0,0,2013-08-30 06:00:00,1377842400
406,2013,8,30,12,1316,YUTU,2,27.7,170.4,1004,0,0,0,0,0,0,0,0,2013-08-30 12:00:00,1377864000
407,2013,8,30,18,1316,YUTU,2,28.1,171.4,1004,0,0,0,0,0,0,0,0,2013-08-30 18:00:00,1377885600
408,2013,8,31,0,1316,YUTU,2,28.8,172.6,1004,0,0,0,0,0,0,0,0,2013-08-31 00:00:00,1377907200
409,2013,8,31,6,1316,YUTU,2,30.0,173.6,1004,0,0,0,0,0,0,0,0,2013-08-31 06:00:00,1377928800
410,2013,8,31,12,1316,YUTU,2,31.1,174.6,1002,0,0,0,0,0,0,0,0,2013-08-31 12:00:00,1377950400
411,2013,8,31,18,1316,YUTU,2,32.0,175.5,1002,0,0,0,0,0,0,0,0,2013-08-31 18:00:00,1377972000
412,2013,9,1,0,1316,YUTU,3,32.5,176.2,1002,35,0,0,0,3,210,120,0,2013-09-01 00:00:00,1377993600
413,2013,9,1,6,1316,YUTU,3,33.5,176.6,1002,35,0,0,0,3,210,120,0,2013-09-01 06:00:00,1378015200
414,2013,9,1,12,1316,YUTU,3,33.6,176.8,1002,35,0,0,0,3,210,120,0,2013-09-01 12:00:00,1378036800
415,2013,9,1,18,1316,YUTU,2,33.7,176.9,1002,0,0,0,0,0,0,0,0,2013-09-01 18:00:00,1378058400
416,2013,9,2,0,1316,YUTU,2,33.7,177.0,1004,0,0,0,0,0,0,0,0,2013-09-02 00:00:00,1378080000
417,2013,9,2,6,1316,YUTU,2,33.7,177.2,1004,0,0,0,0,0,0,0,0,2013-09-02 06:00:00,1378101600
418,2013,9,2,12,1316,YUTU,2,33.5,177.3,1004,0,0,0,0,0,0,0,0,2013-09-02 12:00:00,1378123200
419,2013,9,2,18,1316,YUTU,2,33.4,177.4,1004,0,0,0,0,0,0,0,0,2013-09-02 18:00:00,1378144800
420,2013,9,3,0,1316,YUTU,2,33.1,177.3,1004,0,0,0,0,0,0,0,0,2013-09-03 00:00:00,1378166400
421,2013,9,3,6,1316,YUTU,2,32.8,177.2,1006,0,0,0,0,0,0,0,0,2013-09-03 06:00:00,1378188000
422,2013,9,3,12,1316,YUTU,2,32.3,177.0,1006,0,0,0,0,0,0,0,0,2013-09-03 12:00:00,1378209600
423,2013,9,3,18,1316,YUTU,2,32.2,176.7,1008,0,0,0,0,0,0,0,0,2013-09-03 18:00:00,1378231200
424,2013,9,4,0,1316,YUTU,2,32.1,176.3,1008,0,0,0,0,0,0,0,0,2013-09-04 00:00:00,1378252800
425,2013,9,4,6,1316,YUTU,2,31.8,175.6,1008,0,0,0,0,0,0,0,0,2013-09-04 06:00:00,1378274400
426,2013,9,4,12,1316,YUTU,2,31.6,174.8,1012,0,0,0,0,0,0,0,0,2013-09-04 12:00:00,1378296000
427,2013,9,4,18,1316,YUTU,2,31.3,173.7,1012,0,0,0,0,0,0,0,0,2013-09-04 18:00:00,1378317600
428,2013,9,5,0,1316,YUTU,2,31.1,173.0,1012,0,0,0,0,0,0,0,0,2013-09-05 00:00:00,1378339200
429,2013,9,5,6,1316,YUTU,2,31.0,172.0,1012,0,0,0,0,0,0,0,0,2013-09-05 06:00:00,1378360800
430,2013,8,31,0,1317,TORAJI,2,25.6,121.5,1004,0,0,0,0,0,0,0,0,2013-08-31 00:00:00,1377907200
431,2013,8,31,6,1317,TORAJI,2,24.8,121.9,1004,0,0,0,0,0,0,0,0,2013-08-31 06:00:00,1377928800
432,2013,8,31,12,1317,TORAJI,2,24.7,122.4,1006,0,0,0,0,0,0,0,0,2013-08-31 12:00:00,1377950400
433,2013,8,31,18,1317,TORAJI,2,25.0,122.8,1004,0,0,0,0,0,0,0,0,2013-08-31 18:00:00,1377972000
434,2013,9,1,0,1317,TORAJI,2,25.3,123.3,1006,0,0,0,0,0,0,0,0,2013-09-01 00:00:00,1377993600
435,2013,9,1,6,1317,TORAJI,2,25.7,123.8,1004,0,0,0,0,0,0,0,0,2013-09-01 06:00:00,1378015200
436,2013,9,1,12,1317,TORAJI,2,26.0,124.3,1004,0,0,0,0,0,0,0,0,2013-09-01 12:00:00,1378036800
437,2013,9,1,18,1317,TORAJI,3,26.3,124.8,1000,35,0,0,0,9,90,90,0,2013-09-01 18:00:00,1378058400
438,2013,9,2,0,1317,TORAJI,3,26.6,125.5,996,40,0,0,0,9,90,90,0,2013-09-02 00:00:00,1378080000
439,2013,9,2,6,1317,TORAJI,3,27.2,126.1,994,45,0,0,0,9,100,100,0,2013-09-02 06:00:00,1378101600
440,2013,9,2,12,1317,TORAJI,3,27.7,126.6,992,45,0,0,0,9,100,100,0,2013-09-02 12:00:00,1378123200
441,2013,9,2,18,1317,TORAJI,3,28.1,127.1,990,45,0,0,0,3,100,75,0,2013-09-02 18:00:00,1378144800
442,2013,9,3,0,1317,TORAJI,4,28.6,127.5,985,50,0,0,0,3,100,75,0,2013-09-03 00:00:00,1378166400
443,2013,9,3,6,1317,TORAJI,4,29.4,128.2,985,50,0,0,0,3,100,75,0,2013-09-03 06:00:00,1378188000
444,2013,9,3,12,1317,TORAJI,4,30.0,129.2,985,50,0,0,0,9,100,100,0,2013-09-03 12:00:00,1378209600
446,2013,9,3,18,1317,TORAJI,4,31.4,130.5,985,50,0,0,0,9,120,120,1,2013-09-03 18:00:00,1378231200
448,2013,9,4,0,1317,TORAJI,6,32.9,132.8,1000,0,0,0,0,0,0,0,0,2013-09-04 00:00:00,1378252800
449,2013,9,4,6,1317,TORAJI,6,32.9,133.5,1002,0,0,0,0,0,0,0,0,2013-09-04 06:00:00,1378274400
450,2013,9,4,12,1317,TORAJI,6,32.5,134.0,1006,0,0,0,0,0,0,0,0,2013-09-04 12:00:00,1378296000
451,2013,9,4,18,1317,TORAJI,6,32.8,135.9,1006,0,0,0,0,0,0,0,0,2013-09-04 18:00:00,1378317600
452,2013,9,5,0,1317,TORAJI,6,33.5,136.6,1010,0,0,0,0,0,0,0,0,2013-09-05 00:00:00,1378339200
453,2013,9,5,6,1317,TORAJI,6,33.9,137.7,1010,0,0,0,0,0,0,0,0,2013-09-05 06:00:00,1378360800
454,2013,9,11,18,1318,MAN-YI,2,19.7,148.1,1008,0,0,0,0,0,0,0,0,2013-09-11 18:00:00,1378922400
455,2013,9,12,0,1318,MAN-YI,2,20.3,146.9,1008,0,0,0,0,0,0,0,0,2013-09-12 00:00:00,1378944000
456,2013,9,12,6,1318,MAN-YI,2,20.7,145.6,1008,0,0,0,0,0,0,0,0,2013-09-12 06:00:00,1378965600
457,2013,9,12,12,1318,MAN-YI,2,21.0,145.0,1008,0,0,0,0,0,0,0,0,2013-09-12 12:00:00,1378987200
458,2013,9,12,18,1318,MAN-YI,2,21.0,144.0,1004,0,0,0,0,0,0,0,0,2013-09-12 18:00:00,1379008800
459,2013,9,13,0,1318,MAN-YI,3,22.0,142.1,998,35,0,0,0,1,270,170,0,2013-09-13 00:00:00,1379030400
460,2013,9,13,6,1318,MAN-YI,3,23.3,140.7,994,35,0,0,0,1,270,170,0,2013-09-13 06:00:00,1379052000
461,2013,9,13,12,1318,MAN-YI,3,23.5,140.0,994,35,0,0,0,1,280,200,0,2013-09-13 12:00:00,1379073600
462,2013,9,13,18,1318,MAN-YI,3,23.6,138.7,990,40,0,0,0,1,280,200,0,2013-09-13 18:00:00,1379095200
463,2013,9,14,0,1318,MAN-YI,3,24.0,137.3,990,45,0,0,0,1,280,240,0,2013-09-14 00:00:00,1379116800
464,2013,9,14,6,1318,MAN-YI,4,25.0,136.5,985,50,0,0,0,1,280,240,0,2013-09-14 06:00:00,1379138400
465,2013,9,14,12,1318,MAN-YI,4,26.1,135.8,985,50,0,0,0,1,280,240,0,2013-09-14 12:00:00,1379160000
466,2013,9,14,18,1318,MAN-YI,4,27.4,135.0,985,50,0,0,0,1,280,240,0,2013-09-14 18:00:00,1379181600
467,2013,9,15,0,1318,MAN-YI,4,28.7,134.3,980,50,0,0,0,2,280,260,0,2013-09-15 00:00:00,1379203200
468,2013,9,15,6,1318,MAN-YI,4,30.0,134.5,975,50,0,0,0,2,280,260,0,2013-09-15 06:00:00,1379224800
469,2013,9,15,12,1318,MAN-YI,5,31.5,135.0,960,65,9,60,60,2,280,260,0,2013-09-15 12:00:00,1379246400
471,2013,9,15,18,1318,MAN-YI,5,32.9,136.0,960,65,9,80,80,2,280,260,0,2013-09-15 18:00:00,1379268000
474,2013,9,16,0,1318,MAN-YI,4,35.3,137.7,975,60,3,90,60,2,300,260,0,2013-09-16 00:00:00,1379289600
476,2013,9,16,6,1318,MAN-YI,4,38.4,141.1,985,50,0,0,0,4,350,280,0,2013-09-16 06:00:00,1379311200
478,2013,9,16,12,1318,MAN-YI,6,42.0,145.0,980,0,0,0,0,0,0,0,0,2013-09-16 12:00:00,1379332800
479,2013,9,16,18,1318,MAN-YI,6,45.6,150.0,978,0,0,0,0,0,0,0,0,2013-09-16 18:00:00,1379354400
480,2013,9,17,0,1318,MAN-YI,6,49.1,153.9,972,0,0,0,0,0,0,0,0,2013-09-17 00:00:00,1379376000
481,2013,9,17,6,1318,MAN-YI,6,52.2,156.2,964,0,0,0,0,0,0,0,0,2013-09-17 06:00:00,1379397600
482,2013,9,17,12,1318,MAN-YI,6,55.0,156.0,964,0,0,0,0,0,0,0,0,2013-09-17 12:00:00,1379419200
483,2013,9,17,18,1318,MAN-YI,6,56.2,156.7,960,0,0,0,0,0,0,0,0,2013-09-17 18:00:00,1379440800
484,2013,9,18,0,1318,MAN-YI,6,57.2,157.5,966,0,0,0,0,0,0,0,0,2013-09-18 00:00:00,1379462400
485,2013,9,18,6,1318,MAN-YI,6,58.0,160.4,970,0,0,0,0,0,0,0,0,2013-09-18 06:00:00,1379484000
486,2013,9,18,12,1318,MAN-YI,6,59.0,161.9,976,0,0,0,0,0,0,0,0,2013-09-18 12:00:00,1379505600
487,2013,9,18,18,1318,MAN-YI,6,59.4,163.7,980,0,0,0,0,0,0,0,0,2013-09-18 18:00:00,1379527200
488,2013,9,19,0,1318,MAN-YI,6,59.7,163.0,984,0,0,0,0,0,0,0,0,2013-09-19 00:00:00,1379548800
489,2013,9,19,6,1318,MAN-YI,6,60.9,163.1,988,0,0,0,0,0,0,0,0,2013-09-19 06:00:00,1379570400
490,2013,9,19,12,1318,MAN-YI,6,59.8,164.4,996,0,0,0,0,0,0,0,0,2013-09-19 12:00:00,1379592000
491,2013,9,19,18,1318,MAN-YI,6,59.8,165.6,996,0,0,0,0,0,0,0,0,2013-09-19 18:00:00,1379613600
492,2013,9,20,0,1318,MAN-YI,6,59.5,166.7,998,0,0,0,0,0,0,0,0,2013-09-20 00:00:00,1379635200
493,2013,9,20,6,1318,MAN-YI,6,59.1,170.0,998,0,0,0,0,0,0,0,0,2013-09-20 06:00:00,1379656800
494,2013,9,20,12,1318,MAN-YI,6,58.9,168.6,998,0,0,0,0,0,0,0,0,2013-09-20 12:00:00,1379678400
495,2013,9,16,0,1319,USAGI,2,17.3,132.0,1006,0,0,0,0,0,0,0,0,2013-09-16 00:00:00,1379289600
496,2013,9,16,6,1319,USAGI,2,17.3,132.3,1002,0,0,0,0,0,0,0,0,2013-09-16 06:00:00,1379311200
497,2013,9,16,12,1319,USAGI,2,17.0,132.4,1002,0,0,0,0,0,0,0,0,2013-09-16 12:00:00,1379332800
498,2013,9,16,18,1319,USAGI,3,17.0,132.1,1000,35,0,0,0,5,200,100,0,2013-09-16 18:00:00,1379354400
499,2013,9,17,0,1319,USAGI,3,17.0,131.9,1000,35,0,0,0,5,200,100,0,2013-09-17 00:00:00,1379376000
500,2013,9,17,6,1319,USAGI,3,17.2,131.4,998,35,0,0,0,5,200,100,0,2013-09-17 06:00:00,1379397600
501,2013,9,17,12,1319,USAGI,3,17.2,131.1,994,40,0,0,0,9,150,150,0,2013-09-17 12:00:00,1379419200
502,2013,9,17,18,1319,USAGI,3,17.2,130.7,990,45,0,0,0,9,150,150,0,2013-09-17 18:00:00,1379440800
503,2013,9,18,0,1319,USAGI,4,17.0,130.5,985,50,0,0,0,9,180,180,0,2013-09-18 00:00:00,1379462400
504,2013,9,18,6,1319,USAGI,4,17.1,130.2,980,55,9,50,50,9,180,180,0,2013-09-18 06:00:00,1379484000
505,2013,9,18,12,1319,USAGI,5,17.3,129.6,970,65,9,60,60,9,240,240,0,2013-09-18 12:00:00,1379505600
506,2013,9,18,18,1319,USAGI,5,17.1,128.6,960,70,9,60,60,9,240,240,0,2013-09-18 18:00:00,1379527200
507,2013,9,19,0,1319,USAGI,5,16.9,128.3,950,80,9,60,60,9,280,280,0,2013-09-19 00:00:00,1379548800
508,2013,9,19,6,1319,USAGI,5,17.5,128.0,925,95,9,60,60,9,280,280,0,2013-09-19 06:00:00,1379570400
509,2013,9,19,12,1319,USAGI,5,18.1,127.3,915,105,9,80,80,9,300,300,0,2013-09-19 12:00:00,1379592000
510,2013,9,19,18,1319,USAGI,5,18.7,126.4,910,110,9,90,90,9,300,300,0,2013-09-19 18:00:00,1379613600
511,2013,9,20,0,1319,USAGI,5,19.3,125.5,910,110,9,90,90,9,300,300,0,2013-09-20 00:00:00,1379635200
512,2013,9,20,6,1319,USAGI,5,19.7,124.6,910,110,9,90,90,9,300,300,0,2013-09-20 06:00:00,1379656800
513,2013,9,20,12,1319,USAGI,5,20.1,123.8,910,110,9,90,90,9,300,300,0,2013-09-20 12:00:00,1379678400
514,2013,9,20,18,1319,USAGI,5,20.4,122.6,915,105,9,90,90,9,300,300,0,2013-09-20 18:00:00,1379700000
515,2013,9,21,0,1319,USAGI,5,20.6,121.8,920,100,9,100,100,8,300,270,0,2013-09-21 00:00:00,1379721600
516,2013,9,21,6,1319,USAGI,5,20.8,120.8,925,90,9,100,100,8,300,240,0,2013-09-21 06:00:00,1379743200
517,2013,9,21,12,1319,USAGI,5,21.1,119.7,930,85,9,100,100,8,300,240,0,2013-09-21 12:00:00,1379764800
518,2013,9,21,18,1319,USAGI,5,21.4,118.9,935,85,9,90,90,1,270,210,0,2013-09-21 18:00:00,1379786400
519,2013,9,22,0,1319,USAGI,5,21.8,117.9,935,85,9,90,90,1,230,170,0,2013-09-22 00:00:00,1379808000
520,2013,9,22,6,1319,USAGI,5,22.4,116.8,935,85,9,90,90,1,230,170,0,2013-09-22 06:00:00,1379829600
521,2013,9,22,12,1319,USAGI,5,22.9,115.4,940,80,9,80,80,2,210,150,0,2013-09-22 12:00:00,1379851200
522,2013,9,22,18,1319,USAGI,4,23.1,113.9,975,50,0,0,0,2,210,150,0,2013-09-22 18:00:00,1379872800
523,2013,9,23,0,1319,USAGI,3,23.6,112.5,990,40,0,0,0,2,180,120,0,2013-09-23 00:00:00,1379894400
524,2013,9,23,6,1319,USAGI,2,24.3,111.2,996,0,0,0,0,0,0,0,0,2013-09-23 06:00:00,1379916000
525,2013,9,23,12,1319,USAGI,2,24.6,110.2,998,0,0,0,0,0,0,0,0,2013-09-23 12:00:00,1379937600
526,2013,9,23,18,1319,USAGI,2,24.9,109.4,1000,0,0,0,0,0,0,0,0,2013-09-23 18:00:00,1379959200
527,2013,9,24,0,1319,USAGI,2,25.1,108.5,1004,0,0,0,0,0,0,0,0,2013-09-24 00:00:00,1379980800
528,2013,9,19,6,1320,PABUK,2,14.0,148.5,1004,0,0,0,0,0,0,0,0,2013-09-19 06:00:00,1379570400
529,2013,9,19,12,1320,PABUK,2,14.9,149.0,1002,0,0,0,0,0,0,0,0,2013-09-19 12:00:00,1379592000
530,2013,9,19,18,1320,PABUK,2,15.8,149.3,1002,0,0,0,0,0,0,0,0,2013-09-19 18:00:00,1379613600
531,2013,9,20,0,1320,PABUK,2,16.9,149.7,1002,0,0,0,0,0,0,0,0,2013-09-20 00:00:00,1379635200
532,2013,9,20,6,1320,PABUK,2,18.6,149.5,1002,0,0,0,0,0,0,0,0,2013-09-20 06:00:00,1379656800
533,2013,9,20,12,1320,PABUK,2,19.3,148.2,1002,0,0,0,0,0,0,0,0,2013-09-20 12:00:00,1379678400
534,2013,9,20,18,1320,PABUK,2,19.7,146.8,1000,0,0,0,0,0,0,0,0,2013-09-20 18:00:00,1379700000
535,2013,9,21,0,1320,PABUK,2,19.7,145.9,998,0,0,0,0,0,0,0,0,2013-09-21 00:00:00,1379721600
536,2013,9,21,6,1320,PABUK,3,19.8,145.2,996,35,0,0,0,2,300,150,0,2013-09-21 06:00:00,1379743200
537,2013,9,21,12,1320,PABUK,3,20.0,144.7,992,40,0,0,0,2,300,150,0,2013-09-21 12:00:00,1379764800
538,2013,9,21,18,1320,PABUK,3,20.6,144.1,990,40,0,0,0,1,300,200,0,2013-09-21 18:00:00,1379786400
539,2013,9,22,0,1320,PABUK,3,21.3,143.3,990,45,0,0,0,1,300,200,0,2013-09-22 00:00:00,1379808000
540,2013,9,22,6,1320,PABUK,4,22.0,142.7,985,50,0,0,0,1,300,200,0,2013-09-22 06:00:00,1379829600
541,2013,9,22,12,1320,PABUK,4,22.5,141.9,980,50,0,0,0,1,300,200,0,2013-09-22 12:00:00,1379851200
542,2013,9,22,18,1320,PABUK,4,23.2,141.6,975,50,0,0,0,1,300,200,0,2013-09-22 18:00:00,1379872800
543,2013,9,23,0,1320,PABUK,4,23.8,141.6,975,50,0,0,0,1,300,200,0,2013-09-23 00:00:00,1379894400
544,2013,9,23,6,1320,PABUK,4,24.8,141.2,970,55,2,90,60,1,300,200,0,2013-09-23 06:00:00,1379916000
545,2013,9,23,12,1320,PABUK,4,25.1,140.8,970,55,2,90,60,1,300,200,0,2013-09-23 12:00:00,1379937600
546,2013,9,23,18,1320,PABUK,4,25.3,140.5,970,55,2,90,60,1,300,200,0,2013-09-23 18:00:00,1379959200
547,2013,9,24,0,1320,PABUK,4,25.8,139.9,970,55,9,60,60,2,270,210,0,2013-09-24 00:00:00,1379980800
548,2013,9,24,6,1320,PABUK,4,26.2,139.4,970,55,9,60,60,2,270,210,0,2013-09-24 06:00:00,1380002400
549,2013,9,24,12,1320,PABUK,4,26.7,138.9,965,60,9,60,60,2,270,210,0,2013-09-24 12:00:00,1380024000
550,2013,9,24,18,1320,PABUK,4,27.5,138.7,965,60,9,60,60,2,270,210,0,2013-09-24 18:00:00,1380045600
551,2013,9,25,0,1320,PABUK,4,28.4,138.8,965,60,9,60,60,2,240,210,0,2013-09-25 00:00:00,1380067200
552,2013,9,25,6,1320,PABUK,4,29.3,139.0,965,60,9,60,60,2,240,210,0,2013-09-25 06:00:00,1380088800
553,2013,9,25,12,1320,PABUK,4,30.2,140.1,965,60,9,60,60,2,240,210,0,2013-09-25 12:00:00,1380110400
554,2013,9,25,18,1320,PABUK,4,31.0,141.6,965,60,9,60,60,2,240,210,0,2013-09-25 18:00:00,1380132000
555,2013,9,26,0,1320,PABUK,4,32.2,143.5,965,60,9,60,60,2,240,210,0,2013-09-26 00:00:00,1380153600
556,2013,9,26,6,1320,PABUK,4,33.8,145.2,970,60,2,90,60,2,240,210,0,2013-09-26 06:00:00,1380175200
557,2013,9,26,12,1320,PABUK,4,35.0,147.2,970,60,2,90,60,2,240,210,0,2013-09-26 12:00:00,1380196800
558,2013,9,26,18,1320,PABUK,4,36.9,149.8,975,60,9,90,90,9,210,210,0,2013-09-26 18:00:00,1380218400
559,2013,9,27,0,1320,PABUK,6,39.9,152.7,980,0,0,0,0,0,0,0,0,2013-09-27 00:00:00,1380240000
560,2013,9,27,6,1320,PABUK,6,42.2,156.4,984,0,0,0,0,0,0,0,0,2013-09-27 06:00:00,1380261600
561,2013,9,27,12,1320,PABUK,6,45.0,160.0,988,0,0,0,0,0,0,0,0,2013-09-27 12:00:00,1380283200
562,2013,9,27,18,1320,PABUK,6,47.0,162.9,990,0,0,0,0,0,0,0,0,2013-09-27 18:00:00,1380304800
563,2013,9,28,0,1320,PABUK,6,47.6,163.9,996,0,0,0,0,0,0,0,0,2013-09-28 00:00:00,1380326400
564,2013,9,28,6,1320,PABUK,6,48.8,167.4,1000,0,0,0,0,0,0,0,0,2013-09-28 06:00:00,1380348000
565,2013,9,28,12,1320,PABUK,6,49.4,171.8,1002,0,0,0,0,0,0,0,0,2013-09-28 12:00:00,1380369600
566,2013,9,28,18,1320,PABUK,6,49.6,177.3,1008,0,0,0,0,0,0,0,0,2013-09-28 18:00:00,1380391200
567,2013,9,29,0,1320,PABUK,6,49.3,181.5,1012,0,0,0,0,0,0,0,0,2013-09-29 00:00:00,1380412800
568,2013,9,25,18,1321,WUTIP,2,14.8,118.4,1006,0,0,0,0,0,0,0,0,2013-09-25 18:00:00,1380132000
569,2013,9,26,0,1321,WUTIP,2,14.7,117.6,1006,0,0,0,0,0,0,0,0,2013-09-26 00:00:00,1380153600
570,2013,9,26,6,1321,WUTIP,2,14.5,117.9,1004,0,0,0,0,0,0,0,0,2013-09-26 06:00:00,1380175200
571,2013,9,26,12,1321,WUTIP,2,15.1,118.1,1006,0,0,0,0,0,0,0,0,2013-09-26 12:00:00,1380196800
572,2013,9,26,18,1321,WUTIP,2,15.6,117.8,1004,0,0,0,0,0,0,0,0,2013-09-26 18:00:00,1380218400
573,2013,9,27,0,1321,WUTIP,2,16.2,117.4,1004,0,0,0,0,0,0,0,0,2013-09-27 00:00:00,1380240000
574,2013,9,27,6,1321,WUTIP,3,16.8,116.3,1000,35,0,0,0,8,150,90,0,2013-09-27 06:00:00,1380261600
575,2013,9,27,12,1321,WUTIP,3,16.8,115.3,1000,35,0,0,0,8,180,90,0,2013-09-27 12:00:00,1380283200
576,2013,9,27,18,1321,WUTIP,3,16.6,114.7,994,40,0,0,0,8,180,90,0,2013-09-27 18:00:00,1380304800
577,2013,9,28,0,1321,WUTIP,4,16.3,114.2,985,50,0,0,0,8,180,90,0,2013-09-28 00:00:00,1380326400
578,2013,9,28,6,1321,WUTIP,4,16.7,114.0,975,60,9,40,40,8,210,90,0,2013-09-28 06:00:00,1380348000
579,2013,9,28,12,1321,WUTIP,5,16.9,113.9,970,65,9,50,50,8,210,120,0,2013-09-28 12:00:00,1380369600
580,2013,9,28,18,1321,WUTIP,5,16.8,113.4,970,65,9,50,50,8,210,120,0,2013-09-28 18:00:00,1380391200
581,2013,9,29,0,1321,WUTIP,5,16.8,112.5,970,65,9,50,50,8,180,120,0,2013-09-29 00:00:00,1380412800
582,2013,9,29,6,1321,WUTIP,5,16.7,111.8,965,65,9,50,50,8,180,120,0,2013-09-29 06:00:00,1380434400
583,2013,9,29,12,1321,WUTIP,5,16.9,111.1,965,65,9,50,50,8,180,120,0,2013-09-29 12:00:00,1380456000
584,2013,9,29,18,1321,WUTIP,5,16.8,110.1,965,65,9,50,50,8,180,120,0,2013-09-29 18:00:00,1380477600
585,2013,9,30,0,1321,WUTIP,5,17.2,108.7,965,65,9,50,50,8,180,120,0,2013-09-30 00:00:00,1380499200
586,2013,9,30,6,1321,WUTIP,5,17.5,107.5,970,65,9,50,50,8,180,120,0,2013-09-30 06:00:00,1380520800
587,2013,9,30,12,1321,WUTIP,4,17.8,105.9,975,60,9,40,40,8,180,120,0,2013-09-30 12:00:00,1380542400
588,2013,9,30,18,1321,WUTIP,3,17.9,103.8,994,40,0,0,0,1,180,120,0,2013-09-30 18:00:00,1380564000
589,2013,10,1,0,1321,WUTIP,2,18.0,101.5,1006,0,0,0,0,0,0,0,0,2013-10-01 00:00:00,1380585600
590,2013,9,29,6,1322,SEPAT,2,26.4,151.5,1002,0,0,0,0,0,0,0,0,2013-09-29 06:00:00,1380434400
591,2013,9,29,12,1322,SEPAT,2,26.3,150.0,1002,0,0,0,0,0,0,0,0,2013-09-29 12:00:00,1380456000
592,2013,9,29,18,1322,SEPAT,2,26.3,148.2,1002,0,0,0,0,0,0,0,0,2013-09-29 18:00:00,1380477600
593,2013,9,30,0,1322,SEPAT,3,26.4,146.8,1000,35,0,0,0,2,150,120,0,2013-09-30 00:00:00,1380499200
594,2013,9,30,6,1322,SEPAT,3,27.0,145.3,998,35,0,0,0,2,150,120,0,2013-09-30 06:00:00,1380520800
595,2013,9,30,12,1322,SEPAT,3,27.8,143.8,996,40,0,0,0,2,150,120,0,2013-09-30 12:00:00,1380542400
596,2013,9,30,18,1322,SEPAT,3,28.5,142.6,994,40,0,0,0,2,150,120,0,2013-09-30 18:00:00,1380564000
597,2013,10,1,0,1322,SEPAT,3,29.2,142.0,994,40,0,0,0,2,150,120,0,2013-10-01 00:00:00,1380585600
598,2013,10,1,6,1322,SEPAT,3,29.9,141.6,994,40,0,0,0,2,150,120,0,2013-10-01 06:00:00,1380607200
599,2013,10,1,12,1322,SEPAT,3,31.2,141.3,994,40,0,0,0,2,150,120,0,2013-10-01 12:00:00,1380628800
600,2013,10,1,18,1322,SEPAT,3,32.3,141.3,994,40,0,0,0,2,150,120,0,2013-10-01 18:00:00,1380650400
601,2013,10,2,0,1322,SEPAT,3,33.9,141.6,994,40,0,0,0,2,180,120,0,2013-10-02 00:00:00,1380672000
602,2013,10,2,6,1322,SEPAT,3,35.4,141.9,992,40,0,0,0,2,180,120,0,2013-10-02 06:00:00,1380693600
603,2013,10,2,12,1322,SEPAT,3,37.5,143.3,992,40,0,0,0,2,180,120,0,2013-10-02 12:00:00,1380715200
604,2013,10,2,18,1322,SEPAT,6,40.0,146.0,990,0,0,0,0,0,0,0,0,2013-10-02 18:00:00,1380736800
605,2013,10,3,0,1322,SEPAT,6,43.8,149.3,990,0,0,0,0,0,0,0,0,2013-10-03 00:00:00,1380758400
606,2013,10,3,6,1322,SEPAT,6,48.4,153.7,996,0,0,0,0,0,0,0,0,2013-10-03 06:00:00,1380780000
607,2013,10,3,12,1322,SEPAT,6,50.8,156.4,1000,0,0,0,0,0,0,0,0,2013-10-03 12:00:00,1380801600
608,2013,10,3,18,1322,SEPAT,6,53.4,161.0,1004,0,0,0,0,0,0,0,0,2013-10-03 18:00:00,1380823200
609,2013,9,29,6,1323,FITOW,2,10.3,135.0,1000,0,0,0,0,0,0,0,0,2013-09-29 06:00:00,1380434400
610,2013,9,29,12,1323,FITOW,2,10.4,134.3,1002,0,0,0,0,0,0,0,0,2013-09-29 12:00:00,1380456000
611,2013,9,29,18,1323,FITOW,2,10.8,133.8,1000,0,0,0,0,0,0,0,0,2013-09-29 18:00:00,1380477600
612,2013,9,30,0,1323,FITOW,2,11.8,133.3,1002,0,0,0,0,0,0,0,0,2013-09-30 00:00:00,1380499200
613,2013,9,30,6,1323,FITOW,2,12.7,133.0,1000,0,0,0,0,0,0,0,0,2013-09-30 06:00:00,1380520800
614,2013,9,30,12,1323,FITOW,2,13.4,132.6,1000,0,0,0,0,0,0,0,0,2013-09-30 12:00:00,1380542400
615,2013,9,30,18,1323,FITOW,3,13.8,132.2,996,35,0,0,0,4,150,120,0,2013-09-30 18:00:00,1380564000
616,2013,10,1,0,1323,FITOW,3,14.5,131.8,996,35,0,0,0,4,150,120,0,2013-10-01 00:00:00,1380585600
617,2013,10,1,6,1323,FITOW,3,15.2,131.5,994,35,0,0,0,4,150,120,0,2013-10-01 06:00:00,1380607200
618,2013,10,1,12,1323,FITOW,3,16.1,131.2,990,45,0,0,0,9,150,150,0,2013-10-01 12:00:00,1380628800
619,2013,10,1,18,1323,FITOW,3,17.2,131.1,990,45,0,0,0,9,150,150,0,2013-10-01 18:00:00,1380650400
620,2013,10,2,0,1323,FITOW,4,17.6,130.6,985,50,0,0,0,9,150,150,0,2013-10-02 00:00:00,1380672000
621,2013,10,2,6,1323,FITOW,4,18.3,130.2,985,50,0,0,0,9,150,150,0,2013-10-02 06:00:00,1380693600
622,2013,10,2,12,1323,FITOW,4,18.9,129.9,985,50,0,0,0,9,150,150,0,2013-10-02 12:00:00,1380715200
623,2013,10,2,18,1323,FITOW,4,19.5,129.8,985,50,0,0,0,9,150,150,0,2013-10-02 18:00:00,1380736800
624,2013,10,3,0,1323,FITOW,4,20.0,129.8,985,50,0,0,0,7,180,150,0,2013-10-03 00:00:00,1380758400
625,2013,10,3,6,1323,FITOW,4,20.7,129.6,980,55,9,60,60,7,180,150,0,2013-10-03 06:00:00,1380780000
626,2013,10,3,12,1323,FITOW,4,21.2,129.7,980,55,9,60,60,7,180,150,0,2013-10-03 12:00:00,1380801600
627,2013,10,3,18,1323,FITOW,4,21.6,129.9,975,60,9,60,60,7,180,150,0,2013-10-03 18:00:00,1380823200
628,2013,10,4,0,1323,FITOW,4,22.1,129.8,975,60,9,60,60,7,210,180,0,2013-10-04 00:00:00,1380844800
629,2013,10,4,6,1323,FITOW,4,22.7,129.5,975,60,9,60,60,7,210,180,0,2013-10-04 06:00:00,1380866400
630,2013,10,4,12,1323,FITOW,5,23.2,129.1,965,70,9,70,70,8,270,180,0,2013-10-04 12:00:00,1380888000
631,2013,10,4,18,1323,FITOW,5,23.7,128.5,960,75,9,80,80,8,270,180,0,2013-10-04 18:00:00,1380909600
633,2013,10,5,0,1323,FITOW,5,24.4,127.6,960,75,9,90,90,8,270,180,0,2013-10-05 00:00:00,1380931200
635,2013,10,5,6,1323,FITOW,5,24.7,126.7,960,75,9,100,100,8,270,180,0,2013-10-05 06:00:00,1380952800
637,2013,10,5,12,1323,FITOW,5,25.0,125.8,960,75,9,100,100,8,270,180,0,2013-10-05 12:00:00,1380974400
639,2013,10,5,18,1323,FITOW,5,25.2,124.9,960,75,9,100,100,8,270,180,0,2013-10-05 18:00:00,1380996000
641,2013,10,6,0,1323,FITOW,5,25.6,123.7,965,70,9,90,90,8,240,180,0,2013-10-06 00:00:00,1381017600
643,2013,10,6,6,1323,FITOW,5,26.0,122.8,965,70,9,80,80,8,240,180,0,2013-10-06 06:00:00,1381039200
644,2013,10,6,12,1323,FITOW,5,26.7,121.7,975,65,9,70,70,8,240,180,0,2013-10-06 12:00:00,1381060800
645,2013,10,6,18,1323,FITOW,4,27.0,120.2,975,60,9,50,50,8,210,120,0,2013-10-06 18:00:00,1381082400
646,2013,10,7,0,1323,FITOW,3,27.0,118.8,996,40,0,0,0,8,170,120,0,2013-10-07 00:00:00,1381104000
647,2013,10,7,6,1323,FITOW,2,26.9,117.9,1002,0,0,0,0,0,0,0,0,2013-10-07 06:00:00,1381125600
648,2013,10,1,0,1324,DANAS,2,18.1,151.5,1008,0,0,0,0,0,0,0,0,2013-10-01 00:00:00,1380585600
649,2013,10,1,6,1324,DANAS,2,17.9,151.6,1008,0,0,0,0,0,0,0,0,2013-10-01 06:00:00,1380607200
650,2013,10,1,12,1324,DANAS,2,17.7,151.8,1008,0,0,0,0,0,0,0,0,2013-10-01 12:00:00,1380628800
651,2013,10,1,18,1324,DANAS,2,17.4,151.7,1008,0,0,0,0,0,0,0,0,2013-10-01 18:00:00,1380650400
652,2013,10,2,0,1324,DANAS,2,17.4,151.3,1008,0,0,0,0,0,0,0,0,2013-10-02 00:00:00,1380672000
653,2013,10,2,6,1324,DANAS,2,17.3,150.6,1006,0,0,0,0,0,0,0,0,2013-10-02 06:00:00,1380693600
654,2013,10,2,12,1324,DANAS,2,17.0,150.3,1006,0,0,0,0,0,0,0,0,2013-10-02 12:00:00,1380715200
655,2013,10,2,18,1324,DANAS,2,16.7,150.1,1004,0,0,0,0,0,0,0,0,2013-10-02 18:00:00,1380736800
656,2013,10,3,0,1324,DANAS,2,16.4,149.9,1004,0,0,0,0,0,0,0,0,2013-10-03 00:00:00,1380758400
657,2013,10,3,6,1324,DANAS,2,16.0,149.6,1002,0,0,0,0,0,0,0,0,2013-10-03 06:00:00,1380780000
658,2013,10,3,12,1324,DANAS,2,15.7,148.7,1002,0,0,0,0,0,0,0,0,2013-10-03 12:00:00,1380801600
659,2013,10,3,18,1324,DANAS,2,15.9,147.7,1002,0,0,0,0,0,0,0,0,2013-10-03 18:00:00,1380823200
660,2013,10,4,0,1324,DANAS,2,16.4,146.9,1002,0,0,0,0,0,0,0,0,2013-10-04 00:00:00,1380844800
661,2013,10,4,6,1324,DANAS,3,16.9,146.0,1000,35,0,0,0,1,120,90,0,2013-10-04 06:00:00,1380866400
662,2013,10,4,12,1324,DANAS,3,17.3,145.0,1000,35,0,0,0,1,120,90,0,2013-10-04 12:00:00,1380888000
663,2013,10,4,18,1324,DANAS,3,17.9,144.0,996,40,0,0,0,1,180,120,0,2013-10-04 18:00:00,1380909600
664,2013,10,5,0,1324,DANAS,3,18.2,142.3,994,40,0,0,0,1,180,120,0,2013-10-05 00:00:00,1380931200
665,2013,10,5,6,1324,DANAS,3,18.8,141.1,992,45,0,0,0,1,180,120,0,2013-10-05 06:00:00,1380952800
666,2013,10,5,12,1324,DANAS,4,19.3,139.7,985,55,9,50,50,1,180,120,0,2013-10-05 12:00:00,1380974400
667,2013,10,5,18,1324,DANAS,4,20.3,138.1,975,60,9,50,50,1,180,120,0,2013-10-05 18:00:00,1380996000
668,2013,10,6,0,1324,DANAS,5,21.2,136.5,970,65,9,50,50,1,180,120,0,2013-10-06 00:00:00,1381017600
669,2013,10,6,6,1324,DANAS,5,22.0,135.0,965,70,9,50,50,1,180,120,0,2013-10-06 06:00:00,1381039200
670,2013,10,6,12,1324,DANAS,5,22.7,133.5,955,75,9,60,60,1,180,120,0,2013-10-06 12:00:00,1381060800
671,2013,10,6,18,1324,DANAS,5,23.9,131.8,945,80,9,70,70,1,240,150,0,2013-10-06 18:00:00,1381082400
673,2013,10,7,0,1324,DANAS,5,25.2,130.2,935,90,9,90,90,1,240,150,0,2013-10-07 00:00:00,1381104000
675,2013,10,7,6,1324,DANAS,5,26.7,128.7,935,90,1,90,70,1,210,150,0,2013-10-07 06:00:00,1381125600
677,2013,10,7,12,1324,DANAS,5,28.1,127.7,935,90,9,70,70,1,210,120,0,2013-10-07 12:00:00,1381147200
679,2013,10,7,18,1324,DANAS,5,29.7,127.1,945,80,9,70,70,2,210,120,0,2013-10-07 18:00:00,1381168800
681,2013,10,8,0,1324,DANAS,5,31.4,127.0,960,70,9,70,70,2,180,120,0,2013-10-08 00:00:00,1381190400
683,2013,10,8,6,1324,DANAS,5,32.8,127.6,970,65,1,70,50,1,150,120,0,2013-10-08 06:00:00,1381212000
685,2013,10,8,12,1324,DANAS,4,34.5,129.5,980,55,1,60,30,1,150,120,1,2013-10-08 12:00:00,1381233600
687,2013,10,8,18,1324,DANAS,3,35.6,131.6,985,45,0,0,0,2,120,90,0,2013-10-08 18:00:00,1381255200
689,2013,10,9,0,1324,DANAS,6,38.0,135.0,992,0,0,0,0,0,0,0,0,2013-10-09 00:00:00,1381276800
690,2013,10,9,6,1324,DANAS,6,37.9,135.8,1002,0,0,0,0,0,0,0,0,2013-10-09 06:00:00,1381298400
691,2013,10,8,12,1325,NARI,2,14.0,131.6,1004,0,0,0,0,0,0,0,0,2013-10-08 12:00:00,1381233600
692,2013,10,8,18,1325,NARI,2,14.1,131.1,1004,0,0,0,0,0,0,0,0,2013-10-08 18:00:00,1381255200
693,2013,10,9,0,1325,NARI,2,14.1,130.3,1004,0,0,0,0,0,0,0,0,2013-10-09 00:00:00,1381276800
694,2013,10,9,6,1325,NARI,2,14.2,129.5,1000,0,0,0,0,0,0,0,0,2013-10-09 06:00:00,1381298400
695,2013,10,9,12,1325,NARI,3,14.5,128.9,998,35,0,0,0,9,130,130,0,2013-10-09 12:00:00,1381320000
696,2013,10,9,18,1325,NARI,3,14.8,128.3,994,40,0,0,0,9,130,130,0,2013-10-09 18:00:00,1381341600
697,2013,10,10,0,1325,NARI,3,15.1,127.8,992,45,0,0,0,9,150,150,0,2013-10-10 00:00:00,1381363200
698,2013,10,10,6,1325,NARI,4,15.3,126.9,990,50,0,0,0,9,150,150,0,2013-10-10 06:00:00,1381384800
699,2013,10,10,12,1325,NARI,4,15.3,126.1,980,60,9,40,40,8,180,150,0,2013-10-10 12:00:00,1381406400
700,2013,10,10,18,1325,NARI,5,15.3,125.4,975,65,9,40,40,8,180,150,0,2013-10-10 18:00:00,1381428000
701,2013,10,11,0,1325,NARI,5,15.3,124.5,970,70,9,50,50,8,180,150,0,2013-10-11 00:00:00,1381449600
702,2013,10,11,6,1325,NARI,5,15.3,123.3,970,70,9,50,50,8,180,150,0,2013-10-11 06:00:00,1381471200
703,2013,10,11,12,1325,NARI,5,15.4,122.4,970,70,9,50,50,8,180,150,0,2013-10-11 12:00:00,1381492800
704,2013,10,11,18,1325,NARI,5,15.5,120.5,975,65,9,50,50,8,180,150,0,2013-10-11 18:00:00,1381514400
705,2013,10,12,0,1325,NARI,5,15.2,119.0,975,65,9,50,50,8,180,150,0,2013-10-12 00:00:00,1381536000
706,2013,10,12,6,1325,NARI,5,15.2,118.2,970,70,9,50,50,8,180,150,0,2013-10-12 06:00:00,1381557600
707,2013,10,12,12,1325,NARI,5,15.0,117.0,970,70,9,50,50,8,180,150,0,2013-10-12 12:00:00,1381579200
708,2013,10,12,18,1325,NARI,5,15.1,115.7,965,75,9,60,60,8,210,150,0,2013-10-12 18:00:00,1381600800
709,2013,10,13,0,1325,NARI,5,15.3,114.7,965,75,9,60,60,8,210,150,0,2013-10-13 00:00:00,1381622400
710,2013,10,13,6,1325,NARI,5,15.3,113.6,965,75,9,60,60,8,210,180,0,2013-10-13 06:00:00,1381644000
711,2013,10,13,12,1325,NARI,5,15.2,112.8,965,75,9,70,70,8,210,180,0,2013-10-13 12:00:00,1381665600
712,2013,10,13,18,1325,NARI,5,15.3,112.1,965,75,9,70,70,9,210,210,0,2013-10-13 18:00:00,1381687200
713,2013,10,14,0,1325,NARI,5,15.5,111.3,965,75,9,60,60,9,210,210,0,2013-10-14 00:00:00,1381708800
714,2013,10,14,6,1325,NARI,5,15.9,110.7,965,75,9,60,60,8,180,150,0,2013-10-14 06:00:00,1381730400
715,2013,10,14,12,1325,NARI,5,16.3,110.0,970,70,9,50,50,8,180,150,0,2013-10-14 12:00:00,1381752000
716,2013,10,14,18,1325,NARI,5,16.0,109.2,975,65,9,40,40,8,180,150,0,2013-10-14 18:00:00,1381773600
717,2013,10,15,0,1325,NARI,4,15.5,108.4,985,50,0,0,0,9,150,150,0,2013-10-15 00:00:00,1381795200
718,2013,10,15,6,1325,NARI,3,15.5,107.5,994,40,0,0,0,2,150,100,0,2013-10-15 06:00:00,1381816800
719,2013,10,15,12,1325,NARI,3,15.4,106.4,998,35,0,0,0,2,150,100,0,2013-10-15 12:00:00,1381838400
720,2013,10,15,18,1325,NARI,2,15.4,105.1,1000,0,0,0,0,0,0,0,0,2013-10-15 18:00:00,1381860000
721,2013,10,16,0,1325,NARI,2,15.5,104.1,1004,0,0,0,0,0,0,0,0,2013-10-16 00:00:00,1381881600
722,2013,10,16,6,1325,NARI,2,15.8,103.3,1004,0,0,0,0,0,0,0,0,2013-10-16 06:00:00,1381903200
723,2013,10,16,12,1325,NARI,2,16.5,102.4,1006,0,0,0,0,0,0,0,0,2013-10-16 12:00:00,1381924800
724,2013,10,9,0,1326,WIPHA,2,14.0,149.0,1004,0,0,0,0,0,0,0,0,2013-10-09 00:00:00,1381276800
725,2013,10,9,6,1326,WIPHA,2,13.8,148.1,1002,0,0,0,0,0,0,0,0,2013-10-09 06:00:00,1381298400
726,2013,10,9,12,1326,WIPHA,2,13.5,147.0,1004,0,0,0,0,0,0,0,0,2013-10-09 12:00:00,1381320000
727,2013,10,9,18,1326,WIPHA,2,13.5,146.2,1002,0,0,0,0,0,0,0,0,2013-10-09 18:00:00,1381341600
728,2013,10,10,0,1326,WIPHA,2,13.5,145.6,1002,0,0,0,0,0,0,0,0,2013-10-10 00:00:00,1381363200
729,2013,10,10,6,1326,WIPHA,2,13.9,144.7,1000,0,0,0,0,0,0,0,0,2013-10-10 06:00:00,1381384800
730,2013,10,10,12,1326,WIPHA,3,13.8,143.7,998,35,0,0,0,9,200,200,0,2013-10-10 12:00:00,1381406400
731,2013,10,10,18,1326,WIPHA,3,13.5,142.8,996,35,0,0,0,9,200,200,0,2013-10-10 18:00:00,1381428000
732,2013,10,11,0,1326,WIPHA,3,13.7,142.1,994,40,0,0,0,9,200,200,0,2013-10-11 00:00:00,1381449600
733,2013,10,11,6,1326,WIPHA,3,14.2,140.7,992,45,0,0,0,9,240,240,0,2013-10-11 06:00:00,1381471200
734,2013,10,11,12,1326,WIPHA,4,14.7,140.5,990,50,0,0,0,9,240,240,0,2013-10-11 12:00:00,1381492800
735,2013,10,11,18,1326,WIPHA,4,15.4,139.8,985,55,9,50,50,4,270,240,0,2013-10-11 18:00:00,1381514400
736,2013,10,12,0,1326,WIPHA,4,16.1,139.2,980,60,9,70,70,4,270,240,0,2013-10-12 00:00:00,1381536000
737,2013,10,12,6,1326,WIPHA,4,16.7,138.8,980,60,9,90,90,4,300,270,0,2013-10-12 06:00:00,1381557600
738,2013,10,12,12,1326,WIPHA,5,17.3,138.4,970,65,9,90,90,4,350,300,0,2013-10-12 12:00:00,1381579200
739,2013,10,12,18,1326,WIPHA,5,17.9,137.9,960,70,9,90,90,9,350,350,0,2013-10-12 18:00:00,1381600800
740,2013,10,13,0,1326,WIPHA,5,18.4,137.4,955,75,9,110,110,9,400,400,0,2013-10-13 00:00:00,1381622400
741,2013,10,13,6,1326,WIPHA,5,19.1,137.1,950,80,9,110,110,7,450,350,0,2013-10-13 06:00:00,1381644000
742,2013,10,13,12,1326,WIPHA,5,19.8,136.4,930,90,9,110,110,7,450,350,0,2013-10-13 12:00:00,1381665600
743,2013,10,13,18,1326,WIPHA,5,20.5,136.0,930,90,9,110,110,7,450,350,0,2013-10-13 18:00:00,1381687200
744,2013,10,14,0,1326,WIPHA,5,21.8,135.5,935,85,9,120,120,7,450,350,0,2013-10-14 00:00:00,1381708800
745,2013,10,14,6,1326,WIPHA,5,23.0,134.9,940,80,9,120,120,8,400,350,0,2013-10-14 06:00:00,1381730400
746,2013,10,14,12,1326,WIPHA,5,24.2,134.3,940,80,9,120,120,8,400,350,0,2013-10-14 12:00:00,1381752000
747,2013,10,14,18,1326,WIPHA,5,25.4,133.9,945,75,9,140,140,1,400,350,0,2013-10-14 18:00:00,1381773600
748,2013,10,15,0,1326,WIPHA,5,26.7,133.9,945,75,9,150,150,1,400,350,0,2013-10-15 00:00:00,1381795200
749,2013,10,15,6,1326,WIPHA,5,28.5,134.7,945,75,9,150,150,1,400,350,0,2013-10-15 06:00:00,1381816800
751,2013,10,15,12,1326,WIPHA,5,30.4,136.5,950,70,1,180,150,1,400,350,0,2013-10-15 12:00:00,1381838400
753,2013,10,15,18,1326,WIPHA,5,32.8,138.6,950,70,1,180,150,2,450,350,0,2013-10-15 18:00:00,1381860000
755,2013,10,16,0,1326,WIPHA,5,36.2,141.8,960,70,1,180,120,2,450,350,0,2013-10-16 00:00:00,1381881600
757,2013,10,16,6,1326,WIPHA,6,41.0,146.0,968,0,0,0,0,0,0,0,0,2013-10-16 06:00:00,1381903200
758,2013,10,16,12,1326,WIPHA,6,43.6,148.6,964,0,0,0,0,0,0,0,0,2013-10-16 12:00:00,1381924800
759,2013,10,16,18,1326,WIPHA,6,47.7,154.5,958,0,0,0,0,0,0,0,0,2013-10-16 18:00:00,1381946400
760,2013,10,17,0,1326,WIPHA,6,50.1,157.6,960,0,0,0,0,0,0,0,0,2013-10-17 00:00:00,1381968000
761,2013,10,17,6,1326,WIPHA,6,51.7,161.9,964,0,0,0,0,0,0,0,0,2013-10-17 06:00:00,1381989600
762,2013,10,17,12,1326,WIPHA,6,52.6,164.4,964,0,0,0,0,0,0,0,0,2013-10-17 12:00:00,1382011200
763,2013,10,17,18,1326,WIPHA,6,53.3,169.2,964,0,0,0,0,0,0,0,0,2013-10-17 18:00:00,1382032800
764,2013,10,18,0,1326,WIPHA,6,53.5,173.2,964,0,0,0,0,0,0,0,0,2013-10-18 00:00:00,1382054400
765,2013,10,18,6,1326,WIPHA,6,54.4,178.6,964,0,0,0,0,0,0,0,0,2013-10-18 06:00:00,1382076000
766,2013,10,18,12,1326,WIPHA,6,54.7,182.5,968,0,0,0,0,0,0,0,0,2013-10-18 12:00:00,1382097600
767,2013,10,15,12,1327,FRANCISCO,2,13.8,148.9,1008,0,0,0,0,0,0,0,0,2013-10-15 12:00:00,1381838400
768,2013,10,15,18,1327,FRANCISCO,2,13.4,147.0,1004,0,0,0,0,0,0,0,0,2013-10-15 18:00:00,1381860000
769,2013,10,16,0,1327,FRANCISCO,2,12.7,145.5,1004,0,0,0,0,0,0,0,0,2013-10-16 00:00:00,1381881600
770,2013,10,16,6,1327,FRANCISCO,3,12.1,144.4,1000,35,0,0,0,9,120,120,0,2013-10-16 06:00:00,1381903200
771,2013,10,16,12,1327,FRANCISCO,3,11.3,143.5,996,40,0,0,0,9,120,120,0,2013-10-16 12:00:00,1381924800
772,2013,10,16,18,1327,FRANCISCO,4,10.8,143.0,990,50,0,0,0,9,150,150,0,2013-10-16 18:00:00,1381946400
773,2013,10,17,0,1327,FRANCISCO,4,11.0,142.8,985,55,9,40,40,4,210,150,0,2013-10-17 00:00:00,1381968000
774,2013,10,17,6,1327,FRANCISCO,5,11.4,142.8,975,65,9,50,50,4,210,150,0,2013-10-17 06:00:00,1381989600
775,2013,10,17,12,1327,FRANCISCO,5,12.0,142.9,970,70,9,50,50,4,210,150,0,2013-10-17 12:00:00,1382011200
776,2013,10,17,18,1327,FRANCISCO,5,13.0,142.6,965,75,9,60,60,9,180,180,0,2013-10-17 18:00:00,1382032800
777,2013,10,18,0,1327,FRANCISCO,5,13.8,142.2,950,85,9,60,60,9,180,180,0,2013-10-18 00:00:00,1382054400
778,2013,10,18,6,1327,FRANCISCO,5,14.2,142.0,935,95,9,60,60,9,180,180,0,2013-10-18 06:00:00,1382076000
779,2013,10,18,12,1327,FRANCISCO,5,15.2,141.9,930,100,9,60,60,9,180,180,0,2013-10-18 12:00:00,1382097600
780,2013,10,18,18,1327,FRANCISCO,5,15.9,141.1,920,105,9,60,60,9,180,180,0,2013-10-18 18:00:00,1382119200
781,2013,10,19,0,1327,FRANCISCO,5,16.2,140.4,920,105,9,60,60,8,180,150,0,2013-10-19 00:00:00,1382140800
782,2013,10,19,6,1327,FRANCISCO,5,16.7,139.7,920,105,9,60,60,8,180,150,0,2013-10-19 06:00:00,1382162400
783,2013,10,19,12,1327,FRANCISCO,5,17.1,139.1,920,105,9,60,60,8,180,150,0,2013-10-19 12:00:00,1382184000
784,2013,10,19,18,1327,FRANCISCO,5,17.4,138.3,920,105,9,70,70,8,210,180,0,2013-10-19 18:00:00,1382205600
785,2013,10,20,0,1327,FRANCISCO,5,17.8,137.7,920,105,9,70,70,8,240,210,0,2013-10-20 00:00:00,1382227200
786,2013,10,20,6,1327,FRANCISCO,5,18.3,137.3,925,100,9,70,70,8,240,210,0,2013-10-20 06:00:00,1382248800
787,2013,10,20,12,1327,FRANCISCO,5,18.7,136.9,925,100,9,70,70,8,240,210,0,2013-10-20 12:00:00,1382270400
788,2013,10,20,18,1327,FRANCISCO,5,19.3,136.7,935,95,2,90,70,8,240,210,0,2013-10-20 18:00:00,1382292000
789,2013,10,21,0,1327,FRANCISCO,5,19.7,136.2,940,90,2,90,70,8,240,210,0,2013-10-21 00:00:00,1382313600
790,2013,10,21,6,1327,FRANCISCO,5,20.3,135.9,940,90,2,90,70,8,240,210,0,2013-10-21 06:00:00,1382335200
791,2013,10,21,12,1327,FRANCISCO,5,21.0,135.6,940,90,2,90,70,8,240,210,0,2013-10-21 12:00:00,1382356800
792,2013,10,21,18,1327,FRANCISCO,5,21.6,135.2,940,90,1,100,80,8,240,210,0,2013-10-21 18:00:00,1382378400
793,2013,10,22,0,1327,FRANCISCO,5,22.3,134.5,945,85,1,100,80,8,240,210,0,2013-10-22 00:00:00,1382400000
794,2013,10,22,6,1327,FRANCISCO,5,22.8,133.7,945,85,1,100,80,8,240,210,0,2013-10-22 06:00:00,1382421600
795,2013,10,22,12,1327,FRANCISCO,5,23.2,133.0,945,85,9,90,90,8,240,180,0,2013-10-22 12:00:00,1382443200
796,2013,10,22,18,1327,FRANCISCO,5,23.5,132.2,945,85,9,90,90,8,240,180,0,2013-10-22 18:00:00,1382464800
797,2013,10,23,0,1327,FRANCISCO,5,23.9,131.2,950,80,9,90,90,8,240,180,0,2013-10-23 00:00:00,1382486400
798,2013,10,23,6,1327,FRANCISCO,5,24.3,130.5,955,75,9,90,90,8,240,210,0,2013-10-23 06:00:00,1382508000
800,2013,10,23,12,1327,FRANCISCO,5,24.6,130.1,955,70,9,90,90,8,240,210,0,2013-10-23 12:00:00,1382529600
802,2013,10,23,18,1327,FRANCISCO,5,24.9,129.9,960,70,1,100,80,8,240,210,0,2013-10-23 18:00:00,1382551200
804,2013,10,24,0,1327,FRANCISCO,5,25.1,129.7,960,65,1,100,80,1,240,210,0,2013-10-24 00:00:00,1382572800
806,2013,10,24,6,1327,FRANCISCO,5,25.7,129.9,960,65,1,100,80,1,240,210,0,2013-10-24 06:00:00,1382594400
808,2013,10,24,12,1327,FRANCISCO,5,26.1,130.2,960,65,1,100,80,1,240,210,0,2013-10-24 12:00:00,1382616000
810,2013,10,24,18,1327,FRANCISCO,4,26.9,130.7,965,60,2,90,70,9,210,210,0,2013-10-24 18:00:00,1382637600
812,2013,10,25,0,1327,FRANCISCO,4,27.6,131.7,965,60,2,90,70,9,210,210,0,2013-10-25 00:00:00,1382659200
813,2013,10,25,6,1327,FRANCISCO,4,28.7,132.9,965,60,2,90,70,2,210,180,0,2013-10-25 06:00:00,1382680800
814,2013,10,25,12,1327,FRANCISCO,4,29.6,134.7,970,60,9,70,70,3,210,180,0,2013-10-25 12:00:00,1382702400
816,2013,10,25,18,1327,FRANCISCO,4,31.1,137.4,970,60,9,70,70,3,210,180,0,2013-10-25 18:00:00,1382724000
818,2013,10,26,0,1327,FRANCISCO,4,31.8,139.9,980,50,0,0,0,3,210,180,0,2013-10-26 00:00:00,1382745600
820,2013,10,26,6,1327,FRANCISCO,6,33.0,144.2,984,0,0,0,0,0,0,0,0,2013-10-26 06:00:00,1382767200
821,2013,10,26,12,1327,FRANCISCO,6,36.5,149.4,988,0,0,0,0,0,0,0,0,2013-10-26 12:00:00,1382788800
822,2013,10,19,0,1328,LEKIMA,2,9.3,162.4,1008,0,0,0,0,0,0,0,0,2013-10-19 00:00:00,1382140800
823,2013,10,19,6,1328,LEKIMA,2,9.1,162.3,1006,0,0,0,0,0,0,0,0,2013-10-19 06:00:00,1382162400
824,2013,10,19,12,1328,LEKIMA,2,8.8,162.0,1006,0,0,0,0,0,0,0,0,2013-10-19 12:00:00,1382184000
825,2013,10,19,18,1328,LEKIMA,2,9.1,161.7,1004,0,0,0,0,0,0,0,0,2013-10-19 18:00:00,1382205600
826,2013,10,20,0,1328,LEKIMA,2,9.4,161.5,1004,0,0,0,0,0,0,0,0,2013-10-20 00:00:00,1382227200
827,2013,10,20,6,1328,LEKIMA,2,10.0,161.2,1004,0,0,0,0,0,0,0,0,2013-10-20 06:00:00,1382248800
828,2013,10,20,12,1328,LEKIMA,2,10.4,160.9,1004,0,0,0,0,0,0,0,0,2013-10-20 12:00:00,1382270400
829,2013,10,20,18,1328,LEKIMA,3,10.9,161.0,1000,35,0,0,0,9,120,120,0,2013-10-20 18:00:00,1382292000
830,2013,10,21,0,1328,LEKIMA,3,11.4,161.0,998,40,0,0,0,9,120,120,0,2013-10-21 00:00:00,1382313600
831,2013,10,21,6,1328,LEKIMA,4,12.2,160.7,990,50,0,0,0,9,120,120,0,2013-10-21 06:00:00,1382335200
832,2013,10,21,12,1328,LEKIMA,4,13.1,160.1,985,55,9,50,50,1,150,120,0,2013-10-21 12:00:00,1382356800
833,2013,10,21,18,1328,LEKIMA,4,13.8,159.1,980,55,9,50,50,1,240,150,0,2013-10-21 18:00:00,1382378400
834,2013,10,22,0,1328,LEKIMA,4,15.1,158.2,975,60,9,50,50,1,240,150,0,2013-10-22 00:00:00,1382400000
835,2013,10,22,6,1328,LEKIMA,5,16.2,156.8,955,80,9,60,60,1,240,150,0,2013-10-22 06:00:00,1382421600
836,2013,10,22,12,1328,LEKIMA,5,17.1,155.4,930,100,9,80,80,1,210,150,0,2013-10-22 12:00:00,1382443200
837,2013,10,22,18,1328,LEKIMA,5,18.0,154.0,915,110,9,80,80,1,210,150,0,2013-10-22 18:00:00,1382464800
838,2013,10,23,0,1328,LEKIMA,5,18.6,152.2,905,115,9,80,80,1,210,150,0,2013-10-23 00:00:00,1382486400
839,2013,10,23,6,1328,LEKIMA,5,19.0,150.9,905,115,9,80,80,1,210,150,0,2013-10-23 06:00:00,1382508000
840,2013,10,23,12,1328,LEKIMA,5,19.4,149.8,905,115,9,80,80,1,210,150,0,2013-10-23 12:00:00,1382529600
841,2013,10,23,18,1328,LEKIMA,5,19.8,148.7,905,115,9,80,80,1,210,150,0,2013-10-23 18:00:00,1382551200
842,2013,10,24,0,1328,LEKIMA,5,20.6,147.6,905,115,9,90,90,1,210,180,0,2013-10-24 00:00:00,1382572800
843,2013,10,24,6,1328,LEKIMA,5,21.4,146.5,905,115,9,90,90,1,210,180,0,2013-10-24 06:00:00,1382594400
844,2013,10,24,12,1328,LEKIMA,5,22.4,145.6,915,105,9,90,90,1,210,180,0,2013-10-24 12:00:00,1382616000
845,2013,10,24,18,1328,LEKIMA,5,23.6,144.7,915,105,2,100,80,2,240,180,0,2013-10-24 18:00:00,1382637600
846,2013,10,25,0,1328,LEKIMA,5,25.0,144.3,920,100,2,100,80,2,240,150,0,2013-10-25 00:00:00,1382659200
847,2013,10,25,6,1328,LEKIMA,5,26.9,144.4,920,100,2,100,80,2,240,150,0,2013-10-25 06:00:00,1382680800
848,2013,10,25,12,1328,LEKIMA,5,29.2,145.0,935,90,2,100,80,2,240,150,0,2013-10-25 12:00:00,1382702400
849,2013,10,25,18,1328,LEKIMA,5,31.7,146.7,945,85,3,110,70,3,240,150,0,2013-10-25 18:00:00,1382724000
850,2013,10,26,0,1328,LEKIMA,5,34.3,149.3,960,75,3,110,70,3,240,150,0,2013-10-26 00:00:00,1382745600
851,2013,10,26,6,1328,LEKIMA,5,36.8,152.4,960,75,3,110,70,3,240,150,0,2013-10-26 06:00:00,1382767200
852,2013,10,26,12,1328,LEKIMA,6,39.0,155.0,980,0,0,0,0,0,0,0,0,2013-10-26 12:00:00,1382788800
853,2013,10,26,18,1328,LEKIMA,6,40.2,158.1,980,0,0,0,0,0,0,0,0,2013-10-26 18:00:00,1382810400
854,2013,10,27,0,1328,LEKIMA,6,40.4,161.1,980,0,0,0,0,0,0,0,0,2013-10-27 00:00:00,1382832000
855,2013,10,27,6,1328,LEKIMA,6,40.8,164.8,980,0,0,0,0,0,0,0,0,2013-10-27 06:00:00,1382853600
856,2013,10,27,12,1328,LEKIMA,6,40.9,169.4,984,0,0,0,0,0,0,0,0,2013-10-27 12:00:00,1382875200
857,2013,10,27,18,1328,LEKIMA,6,40.8,172.8,984,0,0,0,0,0,0,0,0,2013-10-27 18:00:00,1382896800
858,2013,10,28,0,1328,LEKIMA,6,40.7,175.6,988,0,0,0,0,0,0,0,0,2013-10-28 00:00:00,1382918400
859,2013,10,28,6,1328,LEKIMA,6,41.7,176.9,988,0,0,0,0,0,0,0,0,2013-10-28 06:00:00,1382940000
860,2013,10,28,12,1328,LEKIMA,6,42.7,179.7,990,0,0,0,0,0,0,0,0,2013-10-28 12:00:00,1382961600
861,2013,10,28,18,1328,LEKIMA,6,43.5,181.1,992,0,0,0,0,0,0,0,0,2013-10-28 18:00:00,1382983200
862,2013,10,27,18,1329,KROSA,2,12.9,142.3,1006,0,0,0,0,0,0,0,0,2013-10-27 18:00:00,1382896800
863,2013,10,28,0,1329,KROSA,2,13.9,140.5,1008,0,0,0,0,0,0,0,0,2013-10-28 00:00:00,1382918400
864,2013,10,28,6,1329,KROSA,2,14.6,138.8,1006,0,0,0,0,0,0,0,0,2013-10-28 06:00:00,1382940000
865,2013,10,28,12,1329,KROSA,2,15.4,137.2,1008,0,0,0,0,0,0,0,0,2013-10-28 12:00:00,1382961600
866,2013,10,28,18,1329,KROSA,2,15.5,135.7,1006,0,0,0,0,0,0,0,0,2013-10-28 18:00:00,1382983200
867,2013,10,29,0,1329,KROSA,2,15.4,134.5,1004,0,0,0,0,0,0,0,0,2013-10-29 00:00:00,1383004800
868,2013,10,29,6,1329,KROSA,2,15.5,133.4,1002,0,0,0,0,0,0,0,0,2013-10-29 06:00:00,1383026400
869,2013,10,29,12,1329,KROSA,2,15.8,132.4,1004,0,0,0,0,0,0,0,0,2013-10-29 12:00:00,1383048000
870,2013,10,29,18,1329,KROSA,3,16.1,131.1,1000,35,0,0,0,8,150,120,0,2013-10-29 18:00:00,1383069600
871,2013,10,30,0,1329,KROSA,3,16.4,129.8,996,40,0,0,0,8,150,120,0,2013-10-30 00:00:00,1383091200
872,2013,10,30,6,1329,KROSA,3,16.9,128.4,994,45,0,0,0,8,150,120,0,2013-10-30 06:00:00,1383112800
873,2013,10,30,12,1329,KROSA,4,17.2,126.8,992,50,0,0,0,8,150,120,0,2013-10-30 12:00:00,1383134400
874,2013,10,30,18,1329,KROSA,4,17.5,125.4,990,55,9,30,30,8,150,120,0,2013-10-30 18:00:00,1383156000
875,2013,10,31,0,1329,KROSA,4,17.6,124.2,985,60,9,50,50,8,150,120,0,2013-10-31 00:00:00,1383177600
876,2013,10,31,6,1329,KROSA,5,18.0,123.1,980,65,9,50,50,8,150,120,0,2013-10-31 06:00:00,1383199200
877,2013,10,31,12,1329,KROSA,5,18.3,121.8,975,70,9,50,50,8,150,120,0,2013-10-31 12:00:00,1383220800
878,2013,10,31,18,1329,KROSA,5,18.5,120.6,975,70,9,50,50,8,150,120,0,2013-10-31 18:00:00,1383242400
879,2013,11,1,0,1329,KROSA,5,18.9,119.3,975,70,9,50,50,8,150,120,0,2013-11-01 00:00:00,1383264000
880,2013,11,1,6,1329,KROSA,5,19.1,118.2,975,70,9,50,50,8,150,120,0,2013-11-01 06:00:00,1383285600
881,2013,11,1,12,1329,KROSA,5,19.4,117.3,975,70,9,50,50,8,150,120,0,2013-11-01 12:00:00,1383307200
882,2013,11,1,18,1329,KROSA,5,19.4,116.4,970,75,9,50,50,8,150,120,0,2013-11-01 18:00:00,1383328800
883,2013,11,2,0,1329,KROSA,5,19.6,115.9,970,75,9,50,50,8,150,120,0,2013-11-02 00:00:00,1383350400
884,2013,11,2,6,1329,KROSA,5,19.9,115.4,970,75,9,50,50,8,150,120,0,2013-11-02 06:00:00,1383372000
885,2013,11,2,12,1329,KROSA,5,20.1,115.0,975,70,9,50,50,8,150,120,0,2013-11-02 12:00:00,1383393600
886,2013,11,2,18,1329,KROSA,5,20.2,114.8,980,65,9,50,50,8,150,90,0,2013-11-02 18:00:00,1383415200
887,2013,11,3,0,1329,KROSA,4,20.3,114.7,985,60,9,50,50,8,150,90,0,2013-11-03 00:00:00,1383436800
888,2013,11,3,6,1329,KROSA,4,20.3,114.3,990,55,9,30,30,8,150,90,0,2013-11-03 06:00:00,1383458400
889,2013,11,3,12,1329,KROSA,3,19.8,113.8,994,45,0,0,0,7,120,90,0,2013-11-03 12:00:00,1383480000
890,2013,11,3,18,1329,KROSA,3,19.1,113.3,996,40,0,0,0,7,120,90,0,2013-11-03 18:00:00,1383501600
891,2013,11,4,0,1329,KROSA,3,18.6,112.4,1000,35,0,0,0,7,120,90,0,2013-11-04 00:00:00,1383523200
892,2013,11,4,6,1329,KROSA,2,17.7,111.2,1004,0,0,0,0,0,0,0,0,2013-11-04 06:00:00,1383544800
893,2013,11,4,12,1329,KROSA,2,16.8,110.0,1008,0,0,0,0,0,0,0,0,2013-11-04 12:00:00,1383566400
894,2013,11,4,18,1329,KROSA,2,15.6,109.0,1010,0,0,0,0,0,0,0,0,2013-11-04 18:00:00,1383588000
895,2013,11,3,6,1330,HAIYAN,2,5.8,157.2,1004,0,0,0,0,0,0,0,0,2013-11-03 06:00:00,1383458400
896,2013,11,3,12,1330,HAIYAN,2,6.1,155.5,1008,0,0,0,0,0,0,0,0,2013-11-03 12:00:00,1383480000
897,2013,11,3,18,1330,HAIYAN,2,6.1,153.3,1004,0,0,0,0,0,0,0,0,2013-11-03 18:00:00,1383501600
898,2013,11,4,0,1330,HAIYAN,3,6.1,152.2,1002,35,0,0,0,9,60,60,0,2013-11-04 00:00:00,1383523200
899,2013,11,4,6,1330,HAIYAN,3,6.2,150.4,1000,35,0,0,0,9,60,60,0,2013-11-04 06:00:00,1383544800
900,2013,11,4,12,1330,HAIYAN,3,6.3,148.8,998,40,0,0,0,9,100,100,0,2013-11-04 12:00:00,1383566400
901,2013,11,4,18,1330,HAIYAN,3,6.5,147.2,992,45,0,0,0,9,120,120,0,2013-11-04 18:00:00,1383588000
902,2013,11,5,0,1330,HAIYAN,4,6.5,145.9,985,55,9,30,30,9,120,120,0,2013-11-05 00:00:00,1383609600
903,2013,11,5,6,1330,HAIYAN,4,6.5,144.6,980,60,9,40,40,9,120,120,0,2013-11-05 06:00:00,1383631200
904,2013,11,5,12,1330,HAIYAN,5,6.9,142.9,975,65,9,50,50,9,150,150,0,2013-11-05 12:00:00,1383652800
905,2013,11,5,18,1330,HAIYAN,5,7.1,141.3,965,75,9,60,60,9,150,150,0,2013-11-05 18:00:00,1383674400
906,2013,11,6,0,1330,HAIYAN,5,7.3,139.7,950,85,9,60,60,1,180,150,0,2013-11-06 00:00:00,1383696000
907,2013,11,6,6,1330,HAIYAN,5,7.6,138.0,930,95,9,60,60,1,180,150,0,2013-11-06 06:00:00,1383717600
908,2013,11,6,12,1330,HAIYAN,5,7.9,136.2,920,105,9,70,70,1,200,150,0,2013-11-06 12:00:00,1383739200
909,2013,11,6,18,1330,HAIYAN,5,8.2,134.4,905,115,9,70,70,1,200,150,0,2013-11-06 18:00:00,1383760800
910,2013,11,7,0,1330,HAIYAN,5,8.7,132.8,905,115,9,70,70,1,200,150,0,2013-11-07 00:00:00,1383782400
911,2013,11,7,6,1330,HAIYAN,5,9.3,131.1,905,115,9,70,70,1,230,150,0,2013-11-07 06:00:00,1383804000
912,2013,11,7,12,1330,HAIYAN,5,10.2,129.1,895,125,9,80,80,8,250,180,0,2013-11-07 12:00:00,1383825600
913,2013,11,7,18,1330,HAIYAN,5,10.6,126.9,895,125,9,80,80,8,250,180,0,2013-11-07 18:00:00,1383847200
914,2013,11,8,0,1330,HAIYAN,5,11.0,124.8,910,110,9,70,70,8,250,180,0,2013-11-08 00:00:00,1383868800
915,2013,11,8,6,1330,HAIYAN,5,11.4,122.5,940,90,9,70,70,8,270,180,0,2013-11-08 06:00:00,1383890400
916,2013,11,8,12,1330,HAIYAN,5,11.9,120.5,940,90,9,70,70,1,270,180,0,2013-11-08 12:00:00,1383912000
917,2013,11,8,18,1330,HAIYAN,5,12.2,118.0,940,90,9,80,80,1,270,180,0,2013-11-08 18:00:00,1383933600
918,2013,11,9,0,1330,HAIYAN,5,12.3,116.6,940,90,9,80,80,1,240,180,0,2013-11-09 00:00:00,1383955200
919,2013,11,9,6,1330,HAIYAN,5,13.5,114.8,940,90,9,80,80,1,240,180,0,2013-11-09 06:00:00,1383976800
920,2013,11,9,12,1330,HAIYAN,5,14.4,113.1,945,85,9,80,80,1,240,180,0,2013-11-09 12:00:00,1383998400
921,2013,11,9,18,1330,HAIYAN,5,15.4,111.4,950,80,9,80,80,1,240,180,0,2013-11-09 18:00:00,1384020000
922,2013,11,10,0,1330,HAIYAN,5,16.5,110.3,955,75,9,80,80,1,240,180,0,2013-11-10 00:00:00,1384041600
923,2013,11,10,6,1330,HAIYAN,5,17.9,109.0,960,70,9,80,80,1,240,180,0,2013-11-10 06:00:00,1384063200
924,2013,11,10,12,1330,HAIYAN,5,19.4,108.0,965,65,9,80,80,1,200,150,0,2013-11-10 12:00:00,1384084800
925,2013,11,10,18,1330,HAIYAN,4,20.4,107.5,975,60,9,50,50,9,150,150,0,2013-11-10 18:00:00,1384106400
926,2013,11,11,0,1330,HAIYAN,3,21.5,107.1,990,40,0,0,0,9,120,120,0,2013-11-11 00:00:00,1384128000
927,2013,11,11,6,1330,HAIYAN,2,22.4,107.7,1004,0,0,0,0,0,0,0,0,2013-11-11 06:00:00,1384149600
928,2013,11,11,12,1331,PODUL,2,5.5,129.9,1000,0,0,0,0,0,0,0,0,2013-11-11 12:00:00,1384171200
929,2013,11,11,18,1331,PODUL,2,6.5,128.1,1000,0,0,0,0,0,0,0,0,2013-11-11 18:00:00,1384192800
930,2013,11,12,0,1331,PODUL,2,7.7,126.6,1004,0,0,0,0,0,0,0,0,2013-11-12 00:00:00,1384214400
931,2013,11,12,6,1331,PODUL,2,8.4,125.5,1002,0,0,0,0,0,0,0,0,2013-11-12 06:00:00,1384236000
932,2013,11,12,12,1331,PODUL,2,9.3,124.1,1004,0,0,0,0,0,0,0,0,2013-11-12 12:00:00,1384257600
933,2013,11,12,18,1331,PODUL,2,9.6,121.7,1002,0,0,0,0,0,0,0,0,2013-11-12 18:00:00,1384279200
934,2013,11,13,0,1331,PODUL,2,10.0,120.0,1006,0,0,0,0,0,0,0,0,2013-11-13 00:00:00,1384300800
935,2013,11,13,6,1331,PODUL,2,10.4,118.2,1002,0,0,0,0,0,0,0,0,2013-11-13 06:00:00,1384322400
936,2013,11,13,12,1331,PODUL,2,11.0,117.1,1004,0,0,0,0,0,0,0,0,2013-11-13 12:00:00,1384344000
937,2013,11,13,18,1331,PODUL,2,11.5,116.2,1004,0,0,0,0,0,0,0,0,2013-11-13 18:00:00,1384365600
938,2013,11,14,0,1331,PODUL,2,12.2,115.2,1004,0,0,0,0,0,0,0,0,2013-11-14 00:00:00,1384387200
939,2013,11,14,6,1331,PODUL,2,11.9,112.9,1004,0,0,0,0,0,0,0,0,2013-11-14 06:00:00,1384408800
940,2013,11,14,12,1331,PODUL,3,11.9,111.7,1002,35,0,0,0,7,120,90,0,2013-11-14 12:00:00,1384430400
941,2013,11,14,18,1331,PODUL,3,11.8,110.4,1002,35,0,0,0,7,120,90,0,2013-11-14 18:00:00,1384452000
942,2013,11,15,0,1331,PODUL,2,11.5,108.4,1006,0,0,0,0,0,0,0,0,2013-11-15 00:00:00,1384473600
943,2013,11,15,6,1331,PODUL,2,11.1,107.1,1006,0,0,0,0,0,0,0,0,2013-11-15 06:00:00,1384495200
